"Freq [MHz]","dB(S(1,1)) []","dB(S(T1,T1)) []","dB(S(T2,T2)) []","dB(S(T3,T3)) []","dB(S(T4,T4)) []","dB(S(T5,T5)) []","dB(S(T6,T6)) []"
860,-14.1291070480563,-1.26361080918948,-1.22455770515157,-1.23721516124731,-1.24810127945033,-1.24051533418244,-1.28745027470329
860.222222222222,-14.1620814006873,-1.19208550412912,-1.14524715810386,-1.15334585837716,-1.18220414815313,-1.16424295648687,-1.20850799157195
860.444444444444,-14.1933939453673,-1.1281627471492,-1.07370676368535,-1.07818267067545,-1.12307360118765,-1.09580725128432,-1.13791709097903
860.666666666667,-14.2229613965792,-1.0713543619174,-1.00946476194862,-1.01114735291087,-1.07005208741914,-1.03452033057443,-1.07479427433248
860.888888888889,-14.250715770993,-1.02116617184732,-0.952038770576742,-0.951649746206333,-1.02255475005929,-0.979764552258426,-1.01839436640511
861.111111111111,-14.2766051545703,-0.977108351592859,-0.900947339873414,-0.8991025805793,-0.980061380397972,-0.930983884084159,-0.968083601919118
861.333333333333,-14.300594130032,-0.938703872361241,-0.855719192911285,-0.852933153563166,-0.942109294815616,-0.887676501153456,-0.923318364126403
861.555555555556,-14.3226638647802,-0.905495189504651,-0.815900378129601,-0.812592199903504,-0.908287042845295,-0.849388412260634,-0.88362816932205
861.777777777778,-14.3428118738975,-0.877049369791215,-0.781059599481805,-0.777560326045679,-0.878228859038485,-0.815707948482002,-0.848601963489305
862,-14.361051486683,-0.852961883373643,-0.750792001845062,-0.747352402993949,-0.851609776967994,-0.786260977497243,-0.817877012787121
862.222222222222,-14.3774110578464,-0.832859296655925,-0.724721683608362,-0.72152030310196,-0.828141329241854,-0.760706730974096,-0.791129836786205
862.444444444444,-14.3919329758104,-0.816401101925798,-0.702503190081002,-0.699654340172081,-0.807567762354248,-0.738734151378208,-0.768068761970365
862.666666666667,-14.4046725308671,-0.803280912338246,-0.683822215376446,-0.681383735844758,-0.789662699058973,-0.720058679830887,-0.748427771793236
862.888888888889,-14.415696716078,-0.793227240608545,-0.668395710228039,-0.666376394675149,-0.774226183196566,-0.704419418921335,-0.731961405661372
863.111111111111,-14.4250830456235,-0.786004069988916,-0.655971561024385,-0.654338229735964,-0.761082041954828,-0.691576614294272,-0.718440518182772
863.333333333333,-14.432918492045,-0.781411419551475,-0.64632797223302,-0.645012242657563,-0.750075497711126,-0.681309406847019,-0.707648756122753
863.555555555556,-14.439298671263,-0.779286104692039,-0.639272650116144,-0.638177527920029,-0.741070955098598,-0.673413813848083,-0.699379646925818
863.777777777778,-14.4443274529227,-0.779502899638906,-0.634641848728157,-0.633648340840901,-0.733949877896515,-0.667700902527222,-0.693434221738753
864,-14.4481172634044,-0.781976322050622,-0.632299296555504,-0.631273340528161,-0.728608654002712,-0.663995123925839,-0.689619119298675
864.222222222222,-14.4507905190751,-0.786663278803221,-0.63213496871915,-0.63093508968168,-0.724956324836195,-0.662132778252469,-0.687745136015613
864.444444444444,-14.4524829594255,-0.793566830402277,-0.634063597522264,-0.632549856187564,-0.72291202907466,-0.661960585866751,-0.687626202857839
864.666666666667,-14.4533503191202,-0.802741332527435,-0.638022711565185,-0.636067705678124,-0.722401983492796,-0.663334340539255,-0.689078781685139
864.888888888889,-14.4535811761819,-0.814299158643668,-0.643969843868209,-0.641472779773134,-0.723355804982099,-0.666117624072493,-0.691921682644032
865.111111111111,-14.4534218196659,-0.82841901311642,-0.651878329681984,-0.648783486880259,-0.725701985801561,-0.670180564073675,-0.695976310089493
865.333333333333,-14.4532253852275,-0.84535533083568,-0.661730797155143,-0.65805203135333,-0.729362400552789,-0.675398620134142,-0.701067347009871
865.555555555556,-14.4535486532929,-0.865447057398407,-0.673509012429556,-0.669362171716563,-0.734245897070087,-0.681651388594001,-0.707023886770397
865.777777777778,-14.4553078230142,-0.889121476413783,-0.687178170154644,-0.68282316757981,-0.740241366631664,-0.688821423458634,-0.713681015781837
866,-14.4595383684278,-0.916883307676186,-0.702663086877633,-0.698556309811763,-0.747211256238277,-0.696793082313625,-0.720881841122671
866.222222222222,-14.4605014776233,-0.949268692075358,-0.719813300742973,-0.716667945501296,-0.754987270254676,-0.705451423243948,-0.728479943040911
866.444444444444,-14.4206635675457,-0.986724886710974,-0.738354418094063,-0.737199369448188,-0.76337084779173,-0.714681204483302,-0.736342213778488
866.666666666667,-14.3836145210142,-1.02934911510412,-0.757825431385813,-0.760040002293503,-0.772141472659011,-0.724366076240938,-0.744352021873681
866.888888888889,-14.3762831600058,-1.07639920506337,-0.777508244535604,-0.784788966750566,-0.781075284852154,-0.734388107955985,-0.752412616141294
867.111111111111,-14.3730986203066,-1.12553789404253,-0.796368655502403,-0.810560069235533,-0.789974136747898,-0.744627868279028,-0.760450657682108
867.333333333333,-14.3691881702395,-1.17203961398284,-0.813047658665967,-0.83576327991762,-0.798701160794563,-0.754965372248403,-0.768419743960335
867.555555555556,-14.3642740833595,-1.20878728145656,-0.825960129193564,-0.857980458975104,-0.807214459770203,-0.765282329155354,-0.776303769195458
867.777777777778,-14.3585757478334,-1.22831961192857,-0.833552351932537,-0.874164462212465,-0.815588361956902,-0.775466255030775,-0.784119953358748
868,-14.3522982928931,-1.22692330791038,-0.834710213339213,-0.881396553339277,-0.824014174159335,-0.785417127985308,-0.791921371238767
868.222222222222,-14.3455897087809,-1.20767655346934,-0.829194680449352,-0.878116629711215,-0.832779309020991,-0.79505730774785,-0.799798826144621
868.444444444444,-14.3385536767853,-1.17899091479807,-0.817884709336236,-0.865145213519369,-0.842231614075111,-0.804345320465872,-0.807881941641652
868.666666666667,-14.3312635882749,-1.14997008480163,-0.802650589385547,-0.84562637572267,-0.852740290676756,-0.813293696565052,-0.816339389565351
868.888888888889,-14.3237721685036,-1.12693259656241,-0.785885157383504,-0.82380071155877,-0.864663954839786,-0.821990202102233,-0.825378231915289
869.111111111111,-14.3161176268208,-1.11283289519366,-0.769926174123804,-0.803505505709024,-0.878331683485056,-0.830620443815781,-0.835242424675261
869.333333333333,-14.3083275858364,-1.10831477094545,-0.75662905578896,-0.787314710653808,-0.894037550767585,-0.839488072094115,-0.846210608062188
869.555555555556,-14.3004216439407,-1.11291110400096,-0.747204037561959,-0.776480227378462,-0.912045630116166,-0.84902712681715,-0.85859338402719
869.777777777778,-14.2924130921469,-1.12582766098119,-0.742271881932801,-0.771306233848771,-0.932601314191456,-0.859800361833547,-0.872730351643652
870,-14.2843100963806,-1.14633025944417,-0.742025905089687,-0.77158168938385,-0.955945380181234,-0.872478735635587,-0.888987228722245
870.222222222222,-14.2761165322408,-1.17389392105344,-0.746406598457798,-0.776899377752124,-0.982328486457241,-0.887801321409665,-0.907753429722174
870.444444444444,-14.267832586456,-1.20823892465461,-0.755241655790706,-0.786841811295608,-1.01202501295748,-0.906521052613842,-0.929440494389603
870.666666666667,-14.2594551961155,-1.2493235625008,-0.768340726331299,-0.801070962057881,-1.04534604942073,-0.929347744141338,-0.954481770026934
870.888888888889,-14.2509783707496,-1.2973264667896,-0.785552095933852,-0.819362457564801,-1.08265187002387,-0.956902690841446,-0.983333747220971
871.111111111111,-14.2423934263974,-1.35263210650512,-0.806793248199256,-0.841612696456687,-1.12436450570869,-0.9896969002038,-1.01647944107195
871.333333333333,-14.2336891509447,-1.41582432083744,-0.832065941582666,-0.867835354326946,-1.17098114923159,-1.02813835190895,-1.05443420619057
871.555555555556,-14.2248519140183,-1.48768929106877,-0.861463472682107,-0.898155762601283,-1.22308919140139,-1.07256569282252,-1.09775438392313
871.777777777778,-14.2158657314382,-1.56922828992788,-0.895175094963218,-0.932807158088881,-1.28138374863733,-1.12330000871275,-1.14704921508354
872,-14.2067122932194,-1.66168051816507,-0.933490647212773,-0.972130563412711,-1.34668863789584,-1.18070464195959,-1.20299652207648
872.222222222222,-14.1973709655941,-1.7665567479868,-0.976807273822618,-1.01657908478121,-1.41998190860992,-1.24524502961498,-1.26636278257782
872.444444444444,-14.1878187824353,-1.88568511460748,-1.02563949961906,-1.06672710460229,-1.50242727175188,-1.3175444120255,-1.33802839628726
872.666666666667,-14.1780304518973,-2.0212711736514,-1.08063367874199,-1.12328488175801,-1.59541309469814,-1.39843517775678,-1.41901920295742
872.888888888889,-14.1679784240807,-2.17597530211274,-1.14258784794138,-1.18711929843599,-1.70060108565961,-1.48900853026276,-1.51054566519175
873.111111111111,-14.1576331026741,-2.3530117500726,-1.21247821042846,-1.25928184915765,-1.8199874140048,-1.59066691320908,-1.61405161269026
873.333333333333,-14.1469633520944,-2.55627529769534,-1.29149382941082,-1.34104544775559,-1.95597986360433,-1.70518456368575,-1.73127509750356
873.555555555556,-14.135937578644,-2.79050378121769,-1.38108162464157,-1.43395225782536,-2.11149578750937,-1.83478218303098,-1.86432479345065
873.777777777778,-14.1245259010549,-3.06148813546453,-1.48300447118391,-1.53987558550081,-2.29008726759928,-1.98222248441844,-2.01577657814938
874,-14.1127043707781,-3.3763467840408,-1.59941615379307,-1.66109999472819,-2.49610221479924,-2.15093466486257,-2.18879660215948
874.222222222222,-14.100463041748,-3.74388951041452,-1.73295822045149,-1.80042534060747,-2.73489356598981,-2.34517799219093,-2.38729949581957
874.444444444444,-14.0878212649804,-4.17510983415827,-1.88688553424246,-1.96130255508071,-3.01309393319199,-2.57025810746469,-2.61615375000047
874.666666666667,-14.0748564685228,-4.68386915100618,-2.06522973602934,-2.14801205258153,-3.33898130931375,-2.8328149817848,-2.88145134869786
874.888888888889,-14.0617575981236,-5.28787986449202,-2.27301319380478,-2.36590001589294,-3.7229751696807,-3.14120994008365,-3.19086653851143
875.111111111111,-14.0489211510243,-6.01017750089414,-2.5165307930806,-2.62169434899415,-4.17832639708833,-3.50605311421996,-3.55414128854738
875.333333333333,-14.0371101583858,-6.88143311777283,-2.80372389678489,-2.92393210184959,-4.72210902639388,-3.94093685714744,-3.98375667568945
875.555555555556,-14.0276647648156,-7.9437818749892,-3.14468136239192,-3.28354619465764,-5.37670889389602,-4.46348505860166,-4.49588873639332
875.777777777778,-14.022596514265,-9.25750917229863,-3.55231926009487,-3.71468620869061,-6.17218455771011,-5.09691505946161,-5.11182298870836
876,-14.0240008746602,-10.9132493852786,-4.04331900347099,-4.23589599372419,-7.15027428495722,-5.87248928371725,-5.86015681828976
876.222222222222,-14.032018256045,-13.0540739839855,-4.63945321469043,-4.87186180702383,-8.37177747374465,-6.83363476498374,-6.78045848641378
876.444444444444,-14.0424560436061,-15.9029929337214,-5.36952010452548,-5.65612850745276,-9.93158306325993,-8.04347248433162,-7.92985643227063
876.666666666667,-14.0483579058925,-19.6143060339685,-6.27227815836287,-6.63557687532058,-11.9934773106607,-9.60005824519048,-9.3961428679598
876.888888888889,-14.0454491719388,-22.1820213775342,-7.40107639741409,-7.87835978919902,-14.886976780435,-11.6714343477324,-11.3273295745386
877.111111111111,-14.0341891908979,-19.4891636632827,-8.83126764211401,-9.48917705848198,-19.4713511346508,-14.5914164443475,-14.010999256441
877.333333333333,-14.0172082823419,-15.8402988996376,-10.6708639318436,-11.641060186042,-29.6782715729056,-19.1966400526223,-18.1557619805337
877.555555555556,-13.9968850273388,-13.0597152853529,-13.0632997836078,-14.6412138476915,-26.1680858195653,-28.040522718535,-26.679534673308
877.777777777778,-13.9746859140271,-10.9756533071714,-16.0656117417576,-18.9457153435421,-18.219826074132,-23.9550385888121,-29.1664657319693
878,-13.9513495318884,-9.36864772255131,-18.6462354264064,-22.5230268548063,-14.2047976555777,-17.222856947781,-19.0577997441375
878.222222222222,-13.9271829672717,-8.09892999175578,-17.7356301179692,-18.7571502226352,-11.5811527924191,-13.4735886651622,-14.5898433941803
878.444444444444,-13.9022677319224,-7.07824319430127,-14.7317797021689,-14.5890446377185,-9.68278349887209,-10.9768693152029,-11.7771323675855
878.666666666667,-13.8765765235536,-6.24800715941924,-12.0635750160625,-11.7086780899793,-8.23413956856327,-9.1630009731105,-9.78061667808675
878.888888888889,-13.8500358229074,-5.56703850089643,-10.0075891236673,-9.65631193430384,-7.09254275883352,-7.78032950977896,-8.27663091005036
879.111111111111,-13.8225611056832,-5.00451734593962,-8.42677750449618,-8.13168211100286,-6.17334273926364,-6.69419594636724,-7.1033049728211
879.333333333333,-13.7940807733964,-4.53579691968525,-7.19175556367001,-6.963258508536,-5.42157796621537,-5.82312137489537,-6.16651381275292
879.555555555556,-13.7645583289071,-4.14012419071823,-6.21111248789957,-6.04509374573908,-4.79927873757094,-5.11357867552209,-5.40593074862118
879.777777777778,-13.7340189671182,-3.79996211821263,-5.42118900644033,-5.30711507744296,-4.27904736095252,-4.52836616675285,-4.78027240921943
880,-13.7025849062815,-3.50141561350233,-4.77661067109136,-4.70121691178878,-3.84049295588689,-4.04059308504215,-4.25998464091045
880.222222222222,-13.6705217974764,-3.23475078257607,-4.24420577050412,-4.19404949574944,-3.46809635738786,-3.63027000159243,-3.82323036929961
880.444444444444,-13.6382945430234,-2.99409485650055,-3.79922776090414,-3.76261777321071,-3.14985099810335,-3.28222882365653,-3.45350309270251
880.666666666667,-13.6066226069137,-2.77628320418067,-3.42296011502821,-3.39114274886921,-2.87635432257289,-2.98477793815615,-3.13811240912241
880.888888888889,-13.5765108535179,-2.57952100096267,-3.10114902706953,-3.06868170091696,-2.6401757661581,-2.72879246652439,-2.867172842327
881.111111111111,-13.5492146145638,-2.40243701978325,-2.82293937233426,-2.78738417799548,-2.43540135566676,-2.50707717076572,-2.63290179291726
881.333333333333,-13.5260894100715,-2.2436466221085,-2.58011585737039,-2.54131450755422,-2.2572926721041,-2.31390834491191,-2.42911740404088
881.555555555556,-13.5083007137023,-2.10165657128453,-2.36652442955998,-2.32572769469127,-2.10201792165358,-2.14469762929,-2.25087119373358
881.777777777778,-13.4964464400618,-1.9749169324552,-2.17759850578714,-2.13666021172254,-1.96642550578247,-1.99574131403943,-2.09417454734646
882,-13.490247099261,-1.86190213161915,-2.00995281001109,-1.97071187924123,-1.84784362780601,-1.86403095220136,-1.9557922552658
882.222222222222,-13.4884926647377,-1.76117405944374,-1.86103572727736,-1.82493024418698,-1.74390876898482,-1.74710872839543,-1.83308489286604
882.444444444444,-13.489321300469,-1.67141813382366,-1.72884612930366,-1.69674388201703,-1.65244837485737,-1.64295596694243,-1.72388733765262
882.666666666667,-13.490704570633,-1.59145734663913,-1.61172204094324,-1.58391656244422,-1.57145021963173,-1.54990646744899,-1.62641436012144
882.888888888889,-13.4909021196217,-1.52025196120898,-1.50820071178529,-1.48450957234306,-1.49912085828595,-1.46657862645594,-1.53918671025779
883.111111111111,-13.4887140350943,-1.45689119163137,-1.41693975229416,-1.39684744449722,-1.43398073127764,-1.3918218977103,-1.46097285906543
883.333333333333,-13.4835102320997,-1.40058114751428,-1.33668264653367,-1.31948588666036,-1.37491857782127,-1.32467428193751,-1.39074279250451
883.555555555556,-13.4751192286798,-1.35063163280369,-1.2662510346055,-1.25118198285189,-1.32116528015555,-1.26432836133462,-1.32763115086216
883.777777777778,-13.4636728958606,-1.30644322550918,-1.20454935673993,-1.19086700495598,-1.27220799464927,-1.21010399793049,-1.27090766262263
884,-13.4494684375312,-1.26749534205259,-1.15057230395918,-1.13762206983729,-1.2276924530667,-1.16142626176715,-1.21995330741098
884.222222222222,-13.432869907553,-1.23333556874279,-1.1034100434744,-1.09065669319706,-1.1873474725748,-1.11780748826255,-1.17424100505198
884.444444444444,-13.4142481581952,-1.20357031181934,-1.06224943902568,-1.04929013435143,-1.15094033201296,-1.07883261479559,-1.13331990048632
884.666666666667,-13.3939494303365,-1.1778566999179,-1.02637136896304,-1.01293532306016,-1.11825631061762,-1.04414713633845,-1.09680252087242
884.888888888889,-13.3722822673909,-1.1558956201549,-0.995145076715036,-0.981085106156791,-1.08909226681048,-1.01344716454989,-1.06435423869551
885.111111111111,-13.3495148492769,-1.13742575202401,-0.968020673149728,-0.9533005348941,-1.06325652374693,-0.986471185552718,-1.03568459549039
885.333333333333,-13.3258775636031,-1.12221846483464,-0.944520774282304,-0.929200920577466,-1.04057066230678,-0.962993197004991,-1.01054013393212
885.555555555556,-13.3015677490102,-1.11007345479553,-0.924232009790055,-0.908455406052712,-1.02087123744582,-0.942816971213586,-0.988698458273741
885.777777777778,-13.276754951607,-1.1008150116991,-0.906796888535885,-0.890775826910317,-1.00401076925905,-0.925771242518708,-0.969963299401659
886,-13.2515858835693,-1.09428881966335,-0.891906302886742,-0.875910664396394,-0.989857963475785,-0.911705657431057,-0.954160404874163
886.222222222222,-13.2261887488692,-1.09035921012957,-0.879292804576317,-0.863639919361409,-0.978297327223346,-0.90048735761428,-0.941134109019043
886.444444444444,-13.2006768501894,-1.08890679768338,-0.868724685491633,-0.853770761748417,-0.969228380168716,-0.891998090730413,-0.930744465623647
886.666666666667,-13.175151510423,-1.08982644007024,-0.860000835999918,-0.846133832519568,-0.962564630496623,-0.88613176389434,-0.922864847572454
886.888888888889,-13.1497043911783,-1.09302547304441,-0.852946320122189,-0.840580094403617,-0.958232439839723,-0.882792370153845,-0.917379935211634
887.111111111111,-13.1244193037868,-1.09842217854793,-0.847408591789044,-0.836978144540814,-0.956169860307337,-0.881892230902785,-0.914184029198754
887.333333333333,-13.0993736044257,-1.10594445133298,-0.843254272711992,-0.835211916251419,-0.956325495311379,-0.883350507123472,-0.913179634860399
887.555555555556,-13.0733977153794,-1.11526812188124,-0.83924965150391,-0.834923656980951,-0.95827844245356,-0.887611818653388,-0.913979744255751
887.777777777778,-13.0431360165804,-1.1243272796431,-0.832628547778347,-0.834272046223852,-0.95949630084843,-0.893389062963677,-0.914829003503658
888,-13.0118904447404,-1.1333489652309,-0.826500738509316,-0.833477379082978,-0.960321362537513,-0.898102010156186,-0.916082674394203
888.222222222222,-12.9799012092297,-1.14276774594741,-0.820936360561756,-0.832801269899881,-0.961070504295843,-0.902131814954485,-0.917902447387322
888.444444444444,-12.947519836387,-1.15297098780451,-0.816023087412419,-0.832469604809354,-0.96202742435547,-0.905782497936936,-0.920429917087576
888.666666666667,-12.9152342388138,-1.16430013282155,-0.811864785113362,-0.832678067165823,-0.963444569273313,-0.909304857110114,-0.923785845622027
888.888888888889,-12.8836912811494,-1.17705607205019,-0.808579336595154,-0.833597303587042,-0.965546928834875,-0.912912959069065,-0.928069881121144
889.111111111111,-12.8537106651044,-1.19150618922487,-0.806295897596078,-0.835377475433461,-0.968536719856509,-0.916795891786073,-0.933360704954295
889.333333333333,-12.8262811325828,-1.20789171323485,-0.805151902917243,-0.838152085191656,-0.972598342136255,-0.921126438035577,-0.939716686317491
889.555555555556,-12.8025278407985,-1.22643472512712,-0.805290139092583,-0.842041060968429,-0.977903257119699,-0.926067728778251,-0.947177243333544
889.777777777778,-12.7836401038859,-1.24734460061932,-0.806856144435219,-0.847153150885268,-0.984614624208937,-0.931778575185826,-0.955765238379789
890,-12.7707538654374,-1.27082392189574,-0.809996106618698,-0.853587744687399,-0.992891650695803,-0.938417956839219,-0.965490855962255
890.222222222222,-12.7647949491031,-1.29707403391864,-0.814855323836425,-0.861436320668917,-1.00289368851355,-0.946149006549726,-0.976357495452036
890.444444444444,-12.7663062082566,-1.32630049968264,-0.821577200295956,-0.870783824540967,-1.01478416079524,-0.955142747598913,-0.988370214570516
890.666666666667,-12.7752983254969,-1.3587187567339,-0.830302678915818,-0.88171042418444,-1.02873443660356,-0.965581788586339,-1.00154712681988
890.888888888889,-12.7911704610854,-1.39456031196899,-0.841169988708854,-0.894294230483856,-1.04492780349266,-0.977664153785041,-1.01593383279358
891.111111111111,-12.8127348914626,-1.4340798428535,-0.854314616308303,-0.908615678323109,-1.06356372360968,-0.991607416783164,-1.03162042604462
891.333333333333,-12.8383497954699,-1.47756360508674,-0.869869519736163,-0.924764237612682,-1.08486260840376,-1.00765330896951,-1.04875990075833
891.555555555556,-12.8661288420564,-1.52533958061432,-0.887965814999878,-0.942847871510617,-1.10907141911492,-1.02607299073514,-1.06758604433872
891.777777777778,-12.8941728513718,-1.57778983548987,-0.908734514449153,-0.963005118592278,-1.13647050619055,-1.047173202038,-1.08842837066808
892,-12.9207683930014,-1.63536559403022,-0.932310398839064,-0.985418913390482,-1.16738225334393,-1.07130355088534,-1.11172163146344
892.222222222222,-12.9445178780715,-1.69860557485563,-0.958839723375957,-1.01033052639134,-1.2021823029761,-1.09886525392762,-1.13800814494922
892.444444444444,-12.9643927709033,-1.76815817933037,-0.988494015451222,-1.03805168914294,-1.24131441199707,-1.13032171149618,-1.167932586719
892.666666666667,-12.9797232118964,-1.84480818142826,-1.02149231628298,-1.06897340205935,-1.28531029430536,-1.16621137298844,-1.20223067856842
892.888888888889,-12.9901476640979,-1.92950865360964,-1.05813322073402,-1.10357111499883,-1.33481604886182,-1.20716340555435,-1.24171484439261
893.111111111111,-12.9955463580524,-2.02341899611658,-1.09883539569317,-1.14240751617455,-1.39062669583266,-1.25391666313646,-1.28726083634121
893.333333333333,-12.995976931383,-2.12795014460662,-1.14418106368732,-1.18613542973576,-1.45372941317899,-1.30734223314376,-1.33979928422999
893.555555555556,-12.9916241777301,-2.24481834789436,-1.19495294763273,-1.23550383241107,-1.52535335601644,-1.36846913535117,-1.40031518636655
893.777777777778,-12.9827708431118,-2.37610937548125,-1.25215459854189,-1.29136971541329,-1.60701826640625,-1.43851102679874,-1.4698569492677
894,-12.9697936920277,-2.52435568350886,-1.31700951170908,-1.35471779471825,-1.70056494127659,-1.51888817751491,-1.54955519681253
894.222222222222,-12.9531880280596,-2.69263000079261,-1.39094486430138,-1.42668938762102,-1.808140694068,-1.6112327434568,-1.6406505764862
894.444444444444,-12.9336228367319,-2.88466008247105,-1.47557542143939,-1.50862146012655,-1.93211158920463,-1.71735773302213,-1.74452932215545
894.666666666667,-12.9120247494996,-3.1049711597813,-1.57270594947658,-1.60209700454824,-2.07489603269476,-1.83916971508838,-1.86276529705556
894.888888888889,-12.8896774954553,-3.35906514193405,-1.68436505214513,-1.70900844627719,-2.23876883442898,-1.97853505769974,-1.99716740911727
895.111111111111,-12.8682994220409,-3.65364936900957,-1.81287422699823,-1.83163654277749,-2.42574391308006,-2.13719348153702,-2.14983138316361
895.333333333333,-12.850026043764,-3.99693357149961,-1.96094897161306,-1.97274804925571,-2.63764345184074,-2.31690566660518,-2.32319459455664
895.555555555556,-12.837198593968,-4.39902341031805,-2.13182652657335,-2.13571607525466,-2.87636533484692,-2.51994366476389,-2.52009168060904
895.777777777778,-12.8318954824583,-4.87245600510344,-2.32941594777684,-2.32466721099197,-3.14423236276119,-2.74968933567538,-2.74380649603639
896,-12.8352928955291,-5.43295418170873,-2.5584673915971,-2.54465851420441,-3.44425849775078,-3.01086959909956,-2.99811196749346
896.222222222222,-12.8471520484372,-6.10053629344643,-2.8247553077606,-2.80188400264552,-3.78022678561134,-3.30924049310319,-3.28728239790464
896.444444444444,-12.865791597963,-6.90123893611141,-3.13526080033285,-3.10390172625362,-4.15656051996097,-3.65096404340467,-3.61605095296761
896.666666666667,-12.8886437615485,-7.86996350820013,-3.49831550760958,-3.45985339320083,-4.57800288756467,-4.04193294970657,-3.98946561107075
896.888888888889,-12.913092878959,-9.05552659746565,-3.92362069603603,-3.88060789021401,-5.04908864088721,-4.48701284945973,-4.41256575733589
897.111111111111,-12.9371499114592,-10.530384089565,-4.42195613118598,-4.37867522828317,-5.57332352860531,-4.98896418871839,-4.8897541969751
897.333333333333,-12.9597260297461,-12.4113048742364,-5.00419562666987,-4.96756169205444,-6.1519103050178,-5.5467570481561,-5.42367376356998
897.555555555556,-12.980559471073,-14.9094092313822,-5.67886556096627,-5.65987609892101,-6.78179647238811,-6.15304853387299,-6.01332681128746
897.777777777778,-12.9999791357869,-18.475179598151,-6.44681464493164,-6.46278297433515,-7.45282489240431,-6.79081967426004,-6.65116115501819
898,-13.018656420266,-24.3125042262751,-7.29069744987054,-7.36816164216531,-8.14400774603068,-7.42982571955926,-7.31907102276077
898.222222222222,-13.0374147427064,-31.0117757004875,-8.1572154994538,-8.33363508706687,-8.81976184384549,-8.02491303832856,-7.98412037197897
898.444444444444,-13.0571063241295,-23.0841121483975,-8.93669353330525,-9.25402501066683,-9.4287027349864,-8.52003821542155,-8.59673232658509
898.666666666667,-13.0785401661632,-18.2285902675136,-9.46631762787746,-9.9449447470733,-9.90964814677815,-8.86152499132282,-9.09643576296131
898.888888888889,-13.1024409645406,-15.2627172151534,-9.60082483640216,-10.2020599974737,-10.2083429820368,-9.01790411160743,-9.4290845760685
899.111111111111,-13.1294229062413,-13.2297949690415,-9.32369083145747,-9.95350566535753,-10.2997665331698,-8.99418353721103,-9.56981355272859
899.333333333333,-13.1599680448164,-11.7556943401615,-8.76229740133562,-9.33005762654868,-10.2004652777726,-8.82883179683334,-9.53464902993897
899.555555555556,-13.1944039349267,-10.6600564635551,-8.08326159267242,-8.54317428409387,-9.96002799277064,-8.57639960250469,-9.36989845775591
899.777777777778,-13.2328792699895,-9.84321088650794,-7.40429740235299,-7.75306227736053,-9.6396024312964,-8.28947255803869,-9.12968256731616
900,-13.2753398741371,-9.2453714346208,-6.78029639830133,-7.04161322069849,-9.29368671339969,-8.0089824331537,-8.85963001529989
900.222222222222,-13.321510915673,-8.8292257270735,-6.22604181216716,-6.43736458490354,-8.96256453188655,-7.76251360338739,-8.59301928087197
900.444444444444,-13.3708944846475,-8.57156201434531,-5.74188870179308,-5.94163117704914,-8.67292034604697,-7.56646521755532,-8.35423333115762
900.666666666667,-13.4227937375893,-8.45884147107626,-5.32971337204293,-5.54536020280898,-8.44191281670322,-7.42902708859254,-8.16282487335034
900.888888888889,-13.4763737070418,-8.48457962503369,-4.99635858070699,-5.23966349785512,-8.28171232917763,-7.35352910883566,-8.03522477407609
901.111111111111,-13.5307620417307,-8.64740584758924,-4.74938648847601,-5.02073202342032,-8.20293689093911,-7.34376265851513,-7.98440119280027
901.333333333333,-13.5851786189789,-8.9488852561897,-4.59288424518913,-4.88798591029197,-8.21530935229816,-7.40861343110438,-8.01860605374285
901.555555555556,-13.6390628378473,-9.38988283485102,-4.52674626162644,-4.83995607592687,-8.32338036698894,-7.55511372002242,-8.13961381653447
901.777777777778,-13.692149547677,-9.96339041606812,-4.54806977757743,-4.87345792998236,-8.51753899764222,-7.77568418011569,-8.3400429867534
902,-13.7444439480799,-10.6404822784417,-4.65239491300045,-4.98491065268773,-8.76635641988578,-8.0462514099271,-8.59926738149666
902.222222222222,-13.7960782231087,-11.3466286946576,-4.83358540821835,-5.1705824749954,-9.01742581019415,-8.32769842860659,-8.87853422986947
902.444444444444,-13.8471002196398,-11.9375525793758,-5.08197024646129,-5.42465595443591,-9.20656281208438,-8.56508085248481,-9.11876439178914
902.666666666667,-13.8973179359049,-12.2258795599099,-5.38071950347011,-5.7350191990554,-9.27193977403521,-8.69340229422252,-9.24826718674719
902.888888888889,-13.9463412999167,-12.0827238975015,-5.70105786864015,-6.07694142592397,-9.17238455761302,-8.65764438744439,-9.2061628584314
903.111111111111,-13.9938713414258,-11.3894727691891,-5.99873511219596,-6.40642914036357,-8.90429000259856,-8.44003634632417,-8.9726152926296
903.333333333333,-14.0401136677433,-10.5716905463575,-6.21715170911132,-6.65943836094126,-8.5044407889067,-8.07208277607656,-8.58087858244215
903.555555555556,-14.0860649595875,-9.73180532341421,-6.3030161204917,-6.76721294778958,-8.03441426867191,-7.6186141522158,-8.09878281940002
903.777777777778,-14.1334553951325,-8.98655082073704,-6.23132995691989,-6.68971023344625,-7.55845866169838,-7.14908516236959,-7.59799627519685
904,-14.1842996511877,-8.39016171927489,-6.02144882039301,-6.44378979084738,-7.12871376984169,-6.71804896911314,-7.13428284492921
904.222222222222,-14.2401770371568,-7.96108883277864,-5.72818778624486,-6.09599437893615,-6.7812177328283,-6.36054890888415,-6.74343676254782
904.444444444444,-14.3014506060478,-7.7027560686705,-5.41631092675425,-5.72685693875992,-6.53872103757925,-6.09625437872543,-6.44576626045108
904.666666666667,-14.3666951024806,-7.61542446866744,-5.139612548934,-5.40069613028666,-6.41580633814917,-5.93581835551093,-6.25248086107219
904.888888888889,-14.4326722135583,-7.70273466024628,-4.93399566703063,-5.15682737950786,-6.42391449174207,-5.88642392868278,-6.17113528547808
905.111111111111,-14.4951287851858,-7.97590563544802,-4.82041033932834,-5.01494555114923,-6.57560683430472,-5.95593919181493,-6.20968681634983
905.333333333333,-14.5502835489781,-8.4575924605608,-4.81098133238458,-4.98402612518139,-6.88826586065268,-6.15608156336572,-6.37961429696053
905.555555555556,-14.596265696779,-9.18713904712884,-4.91469060144597,-5.06969499326937,-7.38781969063575,-6.50523861677292,-6.69875958822818
905.777777777778,-14.633635138914,-10.2297230315958,-5.14172840900669,-5.27933063166615,-8.11334970315328,-7.03164433625904,-7.19463693607864
906,-14.6647765123474,-11.69472400787,-5.50683642990041,-5.62595307948989,-9.12387724298649,-7.77773943815733,-7.90922681922926
906.222222222222,-14.6927498843024,-13.7772290863118,-6.03217196913713,-6.13317002273348,-10.5093045852761,-8.80689306474253,-8.90711438127255
906.444444444444,-14.7203220800192,-16.8610092234457,-6.74993866384277,-6.84674773278968,-12.4066682262162,-10.2140810421906,-10.2913224202574
906.666666666667,-14.7494958913405,-21.6820032049869,-7.70438515898981,-7.85714818942521,-15.0003183656438,-12.1397402149368,-12.2399542259648
906.888888888889,-14.7814588973394,-25.3913711653163,-8.95080314340779,-9.25859323760301,-18.2376411523942,-14.752724418491,-15.1327405322542
907.111111111111,-14.8167433091254,-19.8617721362787,-10.5404524563728,-11.0271151594686,-19.8336713295209,-17.8563595604304,-22.6617937060821
907.333333333333,-14.8554351000575,-15.3356386281346,-12.443171055837,-13.1501263496785,-17.1697474492503,-18.8895202913864,-19.181366606634
907.555555555556,-14.8973540532862,-12.3214208211029,-14.254693831133,-15.3452052391768,-13.8531271511715,-16.1263312997064,-17.4673517369193
907.777777777778,-14.9421833611056,-10.1763026254682,-14.804321979813,-16.1986280576288,-11.2703802538937,-13.0062825710858,-14.0128230939735
908,-14.9895533657594,-8.58032634224774,-13.4892699795985,-14.6413635680709,-9.32754534287418,-10.5913764682335,-11.3071041414738
908.222222222222,-15.0390913731416,-7.3603154424118,-11.4476506430088,-12.2337432621189,-7.84552812043412,-8.76714917044396,-9.30161396507274
908.444444444444,-15.0904488735809,-6.41106049496194,-9.55182273282377,-10.0918430821055,-6.69661911100464,-7.33760511936213,-7.79039018820561
908.666666666667,-15.1433146516387,-5.66325427689924,-7.99830867695506,-8.38589223589678,-5.79377554408165,-6.22089155231314,-6.62944345006324
908.888888888889,-15.1974194322667,-5.06873030627433,-6.76417369285886,-7.05356645777841,-5.07622066655879,-5.37094431571706,-5.72337370469887
909.111111111111,-15.252535516471,-4.59279730803889,-5.78898643215994,-6.01206107026607,-4.50036511027812,-4.70699287890248,-5.00704344241892
909.333333333333,-15.3084733024455,-4.20984852292146,-5.01664903336842,-5.193151610794,-4.03427518034637,-4.17673575483723,-4.43449324869763
909.555555555556,-15.3650755066386,-3.90064556929343,-4.40209829570796,-4.54480645737771,-3.65417014220895,-3.74772302915626,-3.97246015335163
909.777777777778,-15.422209172373,-3.65053715493432,-3.91048051107529,-4.02789825279787,-3.34210740138878,-3.39730895798607,-3.59641092889682
910,-15.4797552130208,-3.4482400592037,-3.51510389205126,-3.61298182087923,-3.08439874161358,-3.10879938978701,-3.28798489332632
910.222222222222,-15.5375955662256,-3.2849792782636,-3.19553749943511,-3.2777954126154,-2.87049832168554,-2.8695909479527,-3.03327441354142
910.444444444444,-15.5955995790469,-3.15386830885918,-2.93608970433523,-3.0054087416888,-2.69220691032221,-2.67003644264836,-2.82163282231508
910.666666666667,-15.6536143745197,-3.04945536276019,-2.72464338792067,-2.78286134316846,-2.54309420336553,-2.50267354572295,-2.64482996801616
910.888888888889,-15.7114675203029,-2.96738692214107,-2.55177826691506,-2.6001609195855,-2.41807465477389,-2.36167608318089,-2.49644458775863
911.111111111111,-15.7689900222743,-2.90415564180147,-2.4101131870246,-2.44954467456051,-2.31309300615636,-2.24245520292572,-2.371421762021
911.333333333333,-15.8260579040656,-2.85690960037499,-2.29381360162357,-2.32493283752183,-2.22488910718513,-2.14136571881215,-2.26574732435184
911.555555555556,-15.882633576182,-2.82330656396108,-2.19822196528375,-2.22152279933439,-2.15082057806349,-2.05548778697259,-2.17620613937575
911.777777777778,-15.9387802272934,-2.80140148949101,-2.11957920803943,-2.13548626677687,-2.0887279980955,-1.98246320146317,-2.10020110921068
912,-15.9946380922088,-2.78955868279382,-2.05481360932245,-2.06374203743264,-2.03683157513849,-1.92037164603543,-2.03561652027277
912.222222222222,-16.0503784037991,-2.78638228242724,-2.0013795707459,-2.00378442304736,-1.99365126148804,-1.86763639628833,-1.98071400768075
912.444444444444,-16.106161764837,-2.79066035164609,-1.95713339792547,-1.95355275034466,-1.95794442376097,-1.82295187835913,-1.93405267865271
912.666666666667,-16.1621163490279,-2.80131901867745,-1.92023661460517,-1.91133128845911,-1.9286567090891,-1.7852275531647,-1.89442724181763
912.888888888889,-16.2183349351157,-2.81738394051322,-1.88907985406323,-1.87567179395447,-1.90488285557539,-1.75354406838354,-1.86081963007319
913.111111111111,-16.2748821650035,-2.83794696886827,-1.86222224398464,-1.84533292415426,-1.88583499451461,-1.72711867941421,-1.832360779497
913.333333333333,-16.3318043425841,-2.8621363335021,-1.83834260614481,-1.81923226395166,-1.8708165710258,-1.70527770642189,-1.80830007236265
913.555555555556,-16.3891377859345,-2.88908897479608,-1.81619987078959,-1.79640779783824,-1.85920042846421,-1.68743435152151,-1.78798056296728
913.777777777778,-16.4469146212957,-2.91792388973651,-1.79460096232945,-1.7759864514648,-1.85040990236102,-1.67307060725102,-1.77081854648163
914,-16.5051662864732,-2.94771553154278,-1.7723751260129,-1.75715790775118,-1.84390198111311,-1.66172228645832,-1.75628634925031
914.222222222222,-16.5639253982206,-2.97746644768093,-1.74835429123173,-1.73915233069456,-1.83915173361487,-1.65296642415129,-1.74389744587918
914.444444444444,-16.6232265890218,-3.00607847768653,-1.72135964326704,-1.72122094858923,-1.83563729230732,-1.6464104648476,-1.7331931661598
914.666666666667,-16.6831067510064,-3.03232198651058,-1.6901951184391,-1.70261868885362,-1.83282472265126,-1.64168276965156,-1.72373035837978
914.888888888889,-16.7436049669318,-3.05480281012243,-1.65364904010264,-1.68258824250534,-1.83015211201125,-1.63842406661283,-1.7150694345088
915.111111111111,-16.8078485086089,-3.10489337489711,-1.63646320306806,-1.67719660493144,-1.8379481489002,-1.64402236019478,-1.71744801328252
915.333333333333,-16.876321813897,-3.19544293859619,-1.6495237773322,-1.69278066703283,-1.86195654625618,-1.66207179859099,-1.73502919041759
915.555555555556,-16.9461461208426,-3.29907239870209,-1.67060551910188,-1.71499721442958,-1.89352951103721,-1.68634306123974,-1.75883110911261
915.777777777778,-17.0173919887294,-3.41712324885409,-1.69964085602991,-1.74419666307456,-1.93300746715642,-1.71717981674065,-1.78917485531997
916,-17.0901390384895,-3.55110044913525,-1.7366451222162,-1.78078555169339,-1.98076817500397,-1.75497963755323,-1.82643134756712
916.222222222222,-17.1644773190217,-3.70270436731412,-1.78174634337264,-1.82524639181732,-2.03724631219837,-1.80021171080309,-1.87103768699206
916.444444444444,-17.2405087938116,-3.8738730283168,-1.83521733289164,-1.87816327543565,-2.10295922835387,-1.85343977100521,-1.9235182393861
916.666666666667,-17.3183488908633,-4.06683872571283,-1.89751176396533,-1.9402548919978,-2.17854041759341,-1.91535177973408,-1.98451182442397
916.888888888889,-17.3981279993394,-4.28420473209471,-1.96930639992734,-2.0124171359745,-2.26478265937845,-1.98679833193108,-2.05480680899978
917.111111111111,-17.4799926904367,-4.52905027318607,-2.05155221427295,-2.09577816958555,-2.36269324598985,-2.0688423162521,-2.13538642709707
917.333333333333,-17.5641062386336,-4.80507546926599,-2.14553768582247,-2.19176964774834,-2.47356415892839,-2.16282294890359,-2.22748725978109
917.555555555556,-17.6506475710241,-5.11680316365326,-2.25296799959006,-2.30221875898798,-2.59906024345435,-2.27043777576954,-2.33267441708594
917.777777777778,-17.7398064583292,-5.46986233700086,-2.37606391098944,-2.42946657752891,-2.74132779959015,-2.39384617519853,-2.45293731169254
918,-17.8317672215708,-5.87138953863933,-2.51768290641626,-2.5765183793523,-2.9031232944429,-2.53579629196224,-2.5908093621894
918.222222222222,-17.926637947193,-6.33060262915839,-2.68146138295942,-2.74722962353052,-3.08795436448501,-2.69977192806837,-2.74951202646254
918.444444444444,-18.023896225815,-6.85962845187378,-2.87196636788018,-2.94652392462177,-3.30020717682763,-2.8901417744767,-2.93311494162225
918.666666666667,-18.1123857648976,-7.47470753941759,-3.09482150647752,-3.18061910360552,-3.54519400847833,-3.11226011885503,-3.14668253911528
918.888888888889,-18.2203868748379,-8.19795947521833,-3.35672002267631,-3.45718813531523,-3.82897084755881,-3.37239512311051,-3.39632865058129
919.111111111111,-18.3347079847531,-9.05996820718004,-3.66512947208329,-3.78526983313735,-4.15761121757198,-3.67721053722376,-3.68899590828681
919.333333333333,-18.4467093491786,-10.1034786957704,-4.02728354278502,-4.17450458932589,-4.53533974941793,-4.03224616115831,-4.03156791086911
919.555555555556,-18.5596616763874,-11.3881391225011,-4.44769299352975,-4.63280004054066,-4.96055862588832,-4.43841253480628,-4.42855320958562
919.777777777778,-18.6728724944352,-12.9936253352621,-4.9229305815448,-5.16075675529932,-5.41871955685914,-4.88518582185154,-4.8770921704514
920,-18.7846374068916,-15.0035177062778,-5.43236563875339,-5.74048405602434,-5.87255660732734,-5.34015117414945,-5.3579765842575
920.222222222222,-18.892631686689,-17.3718378377661,-5.92575432898365,-6.31810517641561,-6.25590731442971,-5.73969458938669,-5.82373741342809
920.444444444444,-18.9941972492467,-19.3179110618108,-6.31674444293635,-6.78962365558469,-6.48610653155388,-5.99621495002562,-6.19316830027501
920.666666666667,-19.0867790065705,-19.003021748437,-6.50320595735841,-7.02123446590024,-6.50480208097394,-6.03813142576747,-6.37264338461852
920.888888888889,-19.1684778274311,-16.813837228542,-6.4241902714738,-6.92856791135348,-6.32008849386845,-5.86176289794295,-6.31096188409901
921.111111111111,-19.2385466710292,-14.5370722073083,-6.10834077019903,-6.55071948840838,-6.00190520050648,-5.53669396241676,-6.04116742371775
921.333333333333,-19.2976133917877,-12.7143583836228,-5.6535835056051,-6.01853159846075,-5.63566516026165,-5.15643119997021,-5.65622038794093
921.555555555556,-19.3475143028328,-11.335841870227,-5.16345305866515,-5.46104468562334,-5.28421590060471,-4.79170506329736,-5.24904829655755
921.777777777778,-19.3908126062292,-10.3045287297431,-4.7068824883311,-4.95572991512807,-4.97954522706398,-4.47842121440892,-4.87830439494804
922,-19.4302153158719,-9.52913628088858,-4.31547562290939,-4.53244807491494,-4.73123036818807,-4.2269030490636,-4.56855259820198
922.222222222222,-19.4681003297097,-8.93654761491313,-3.99637917934107,-4.1935247705252,-4.53691100701098,-4.03408010669249,-4.32321066481133
922.444444444444,-19.5062573584652,-8.47067890107438,-3.74464194483189,-3.92949048626151,-4.38942054675291,-3.89172845994312,-4.13593035615835
922.666666666667,-19.5458310355211,-8.089488695941,-3.55088679614611,-3.72764786920374,-4.28055029780417,-3.79070671814203,-3.99727651458671
922.888888888889,-19.5873945943662,-7.76214845063675,-3.40514461556639,-3.57583688015472,-4.20268747062612,-3.72271831946573,-3.89786180421524
923.111111111111,-19.6310787145833,-7.46670172213799,-3.29843826196971,-3.46372112880359,-4.149353454276,-3.68083567642775,-3.82951803585156
923.333333333333,-19.6767038389264,-7.18819917456515,-3.22324810035745,-3.3829773896491,-4.11524795722558,-3.65949254429203,-3.78554832644581
923.555555555556,-19.7238906715364,-6.91720659319071,-3.17349060257289,-3.32707361771784,-4.09610568199624,-3.65428935040398,-3.76061086224616
923.777777777778,-19.7721419401514,-6.64856947706032,-3.14432102759478,-3.29093899195853,-4.08850539813405,-3.66176162426929,-3.75049020947688
924,-19.8208979807359,-6.38034308414064,-3.13189914625404,-3.27064558232151,-4.08968841447641,-3.6791686592269,-3.75186249704703
924.222222222222,-19.8695720784423,-6.11283931592811,-3.13317303188165,-3.26313979913898,-4.09740545264018,-3.7043187694173,-3.76209180505648
924.444444444444,-19.9175716865578,-5.84778274168475,-3.14569788640524,-3.26602872097061,-4.10979486600934,-3.7354313197518,-3.77906584735862
924.666666666667,-19.9643105771279,-5.58759411414111,-3.16749103573673,-3.27741475415524,-4.12528917472091,-3.77103034828937,-3.80106800777066
924.888888888889,-20.0092156559957,-5.33482596599443,-3.19691855925666,-3.29576931721981,-4.14254526327059,-3.80986367276994,-3.82667959272095
925.111111111111,-20.0517310118199,-5.09176453140513,-3.2326077204896,-3.31983681321291,-4.16039366864774,-3.85084204559986,-3.85470605808642
925.333333333333,-20.0913208708722,-4.86019355511976,-3.27337977087434,-3.34856171396562,-4.17780300990211,-3.89299400751638,-3.88412189346406
925.555555555556,-20.1274724777541,-4.64129736920379,-3.3181986325717,-3.38103321734788,-4.19385629760147,-3.93543313112471,-3.9140299604532
925.777777777778,-20.1596994596447,-4.43566892887222,-3.36613194756547,-3.41644334346057,-4.20773644516428,-3.97733519283726,-3.94363207401525
926,-20.1875459019179,-4.24338523874991,-3.4163218351813,-3.45405544397363,-4.21871874866434,-4.01792344098216,-3.97220840254279
926.222222222222,-20.2105911231807,-4.06411640636184,-3.4679633853696,-3.49318093409218,-4.22616842683192,-4.0564605596892,-3.99910384493347
926.444444444444,-20.228454960722,-3.89724246462195,-3.52028943786256,-3.53316266653527,-4.22954155654863,-4.09224619694889,-4.02371995319355
926.666666666667,-20.2408032489009,-3.74196111626003,-3.57256058057772,-3.57336379901911,-4.22838794109096,-4.1246190678266,-4.04551124493308
926.888888888889,-20.2473530884946,-3.59737755860303,-3.62405956925627,-3.61316130124991,-4.22235464259504,-4.15296269656766,-4.06398492807975
927.111111111111,-20.2478774651956,-3.46257352933603,-3.67408954644556,-3.65194343646292,-4.21118912027033,-4.17671385970079,-4.07870317292308
927.333333333333,-20.2422087825918,-3.33665652475165,-3.72197554035792,-3.68911066169708,-4.1947411531466,-4.19537277039348,-4.08928714261295
927.555555555556,-20.2302409294777,-3.21879213371628,-3.76706876911884,-3.72407944136225,-4.17296298977255,-4.20851403382969,-4.0954220564092
927.777777777778,-20.2119295992288,-3.108223133343,-3.8087532784047,-3.75628847858922,-4.14590744620258,-4.21579743105504,-4.09686262935346
928,-20.1872907105904,-3.00427891173467,-3.84645441510585,-3.78520685512373,-4.11372394999096,-4.21697767378326,-4.09343832114377
928.222222222222,-20.1563969295815,-2.90637830965209,-3.87964860134709,-3.81034354888804,-4.0766527817485,-4.21191242427722,-4.08505794338483
928.444444444444,-20.1193724428078,-2.81402836637045,-3.90787383709174,-3.83125778346058,-4.03501797951302,-4.20056809054914,-4.07171331957789
928.666666666667,-20.0763862641407,-2.72682086561692,-3.93074034031414,-3.84756966863143,-3.98921953334743,-4.18302317509157,-4.05348186239127
928.888888888889,-20.0276444529141,-2.64442807817792,-3.94794074438107,-3.85897062639588,-3.93972560519045,-4.15946925460931,-4.03052812025959
929.111111111111,-19.9733816713065,-2.56659871354892,-3.95925932270666,-3.86523316933296,-3.88706556777975,-4.1302099747816,-4.00310454084153
929.333333333333,-19.913852507112,-2.49315482310378,-3.96457980625023,-3.86621971126315,-3.83182467951925,-4.09565873568703,-3.97155189367132
929.555555555556,-19.8493229382948,-2.4239902295401,-3.96389149973143,-3.86189024203731,-3.77464121713548,-4.0563360043147,-3.93629998268783
929.777777777778,-19.7800622257679,-2.35907097638076,-3.95729358135897,-3.8523088838893,-3.71620689326806,-4.01286741398961,-3.89786945961688
930,-19.7063354021354,-2.29843828165207,-3.9449976767413,-3.83764955722936,-3.65727140567073,-3.96598399910652,-3.85687572369889
930.222222222222,-19.6283963888571,-2.24221452560572,-3.92732901413845,-3.81820120737737,-3.59865199994408,-3.91652607450748,-3.81403606524457
930.444444444444,-19.5464816334472,-2.19061288205501,-3.90472667470109,-3.794373265038,-3.54124895334718,-3.86545240278899,-3.77018137654755
930.666666666667,-19.4608040216467,-2.1439512776244,-3.87774362125145,-3.76670220865585,-3.48606782283164,-3.81385637078846,-3.72627388723468
930.888888888889,-19.3715466983135,-2.10267135109198,-3.84704728360345,-3.73586022271887,-3.43424895326963,-3.7629908133881,-3.68343239824647
931.111111111111,-19.2788563466318,-2.06736280900414,-3.81342143054208,-3.70266691320977,-3.3871036929195,-3.71430260364011,-3.64296617782559
931.333333333333,-19.1828354799494,-2.03879265682066,-3.77776974067192,-3.66810466030708,-3.34615414964573,-3.66947654066383,-3.60641756389581
931.555555555556,-19.0835335188924,-2.0179364466453,-3.74112064423707,-3.63333706408116,-3.31316745182292,-3.63048405949805,-3.57561036626391
931.777777777778,-18.9809371410771,-2.00600337001881,-3.70463115452357,-3.59972727743134,-3.29016325376861,-3.59962314917435,-3.55269431139235
932,-18.8749621939668,-2.00443582775585,-3.66958362487092,-3.56884731353031,-3.27934962561321,-3.57951659282191,-3.5401611180706
932.222222222222,-18.7654534592973,-2.01484215213505,-3.63736208129146,-3.5424580507185,-3.28290144410731,-3.57299831526475,-3.54077876073802
932.444444444444,-18.6522063949248,-2.0387821674781,-3.6093816963052,-3.52241889498607,-3.3024366960886,-3.5827540054281,-3.55733855208642
932.666666666667,-18.5350376929479,-2.07726773529974,-3.5869240584915,-3.51045305726716,-3.33799871881282,-3.61049884271219,-3.59203242876227
932.888888888889,-18.4139444530322,-2.12979074264144,-3.57080496868613,-3.50765598180099,-3.38642722080385,-3.65544075731601,-3.64520882160555
933.111111111111,-18.2893820797897,-2.19275976605119,-3.56079154265241,-3.51363092462762,-3.43943878894012,-3.71201170104733,-3.71333552500198
933.333333333333,-18.1626060407899,-2.25766978478792,-3.55475578629098,-3.52527864910142,-3.48273544052637,-3.76772731688549,-3.78654908561686
933.555555555556,-18.0358269237319,-2.31037708692465,-3.54781978757037,-3.5357244778543,-3.49840156819592,-3.8035331043347,-3.84747905514554
933.777777777778,-17.911783572877,-2.33384099841098,-3.53225725656507,-3.53457902690094,-3.47162041443448,-3.79932728175787,-3.87430049013924
934,-17.792666293646,-2.31523282606389,-3.49923958423213,-3.5108354895989,-3.39825869604743,-3.74349703939562,-3.8493138643619
934.222222222222,-17.6791046623891,-2.25329715094504,-3.44258843786099,-3.45785707610045,-3.28697304789508,-3.6393493298059,-3.76837081556168
934.444444444444,-17.5701055526437,-2.15920118551666,-3.36236818713909,-3.37702684150069,-3.15402434241951,-3.50247343191256,-3.64294597066566
934.666666666667,-17.4638789928256,-2.05001256311948,-3.26520016789425,-3.27687583615722,-3.01581107691825,-3.35211132956715,-3.49312112688464
934.888888888889,-17.3587321611161,-1.9410692799433,-3.16097588652541,-3.16871556249746,-2.8843616658872,-3.20402935529014,-3.33837266995308
935.111111111111,-17.2535018537902,-1.84233880791606,-3.05889569820994,-3.06249717623488,-2.76661753078278,-3.06813217730746,-3.19249819873205
935.333333333333,-17.1475727165307,-1.75863880241844,-2.96537745125437,-2.96502747171776,-2.66568681517897,-2.94933439606903,-3.0631667759365
935.555555555556,-17.0407244117634,-1.69137921602415,-2.88398035940423,-2.88014030596522,-2.58240900477059,-2.84936979429899,-2.95362072283807
935.777777777778,-16.9329700441883,-1.64021712825741,-2.81626071821431,-2.80962186286925,-2.51653560619445,-2.76831892405573,-2.86456542380961
936,-16.8244403635214,-1.60414316966035,-2.76268882564407,-2.75410975359885,-2.46744725281062,-2.70558271925098,-2.79552223366763
936.222222222222,-16.7153142767181,-1.582067444448,-2.72330215503947,-2.71371574234881,-2.43453265402238,-2.66041036337098,-2.7456171057607
936.444444444444,-16.6057816481334,-1.5730908636881,-2.69808752631026,-2.68838713024731,-2.41736548085519,-2.63214923394412,-2.71397845044274
936.666666666667,-16.496025338922,-1.57661040835255,-2.68717841019229,-2.67809052724617,-2.41577435791327,-2.62034328764358,-2.69990861275134
936.888888888889,-16.3862137082232,-1.5923485666474,-2.69094840801755,-2.68289226765284,-2.4298621235895,-2.62475641405529,-2.70293791727606
937.111111111111,-16.2764984171174,-1.62035517775761,-2.71005466740166,-2.70298443504183,-2.46000452969585,-2.64536221144235,-2.72282330671395
937.333333333333,-16.1670147217692,-1.66100570101066,-2.74546200474932,-2.73868472703582,-2.506843563276,-2.68232097823152,-2.75952380911212
937.555555555556,-16.0568839936805,-1.71631742716443,-2.79751644692299,-2.79030829765632,-2.57260485408704,-2.73749291209132,-2.81496068721991
937.777777777778,-15.9446908585525,-1.79669559032005,-2.87370938881806,-2.8669535653994,-2.66558737023947,-2.81947629601479,-2.89844189887182
938,-15.8337725749284,-1.90676235226908,-2.98594136905917,-2.9787805366167,-2.78888009298701,-2.93015238409474,-3.01146869119229
938.222222222222,-15.7241626765144,-2.05341882543899,-3.14088002505898,-3.13302071509513,-2.94907055069972,-3.07502614067664,-3.15984356858894
938.444444444444,-15.6158935385487,-2.24537782108662,-3.34739662544202,-3.33909366257847,-3.15462993967598,-3.2612785493091,-3.35111613219756
938.666666666667,-15.509012711056,-2.49316457629525,-3.61727865149994,-3.60929924683938,-3.41653504466076,-3.49834001256676,-3.59518447106645
938.888888888889,-15.4036184417481,-2.80825326230998,-3.96602459012625,-3.95958717181066,-3.74908478670481,-3.79866582981804,-3.90511058084475
939.111111111111,-15.299938265484,-3.20002714682435,-4.413456564565,-4.41014701735258,-4.17092808046609,-4.17877097483153,-4.29821281471324
939.333333333333,-15.1984974842572,-3.66808488174504,-4.98333402208643,-4.98503555260066,-4.70623429011744,-4.66056906664932,-4.79748940957529
939.555555555556,-15.1004263337368,-4.18678048600218,-5.69973273111701,-5.70871015991153,-5.3856662130668,-5.27298542511464,-5.43335698231953
939.777777777778,-15.0077022411688,-4.68360159550664,-6.57458464193202,-6.59411625624556,-6.2459991493012,-6.05354043916381,-6.24541590780927
940,-14.9219750112296,-5.03265704648731,-7.57447187358571,-7.61075717259825,-7.32476744493388,-7.04867301571239,-7.28299043984982
940.222222222222,-14.8403845846695,-5.10691322211352,-8.55360911058435,-8.61877201459404,-8.63895156503123,-8.30836989987651,-8.59969885567263
940.444444444444,-14.7554437187132,-4.8792706004867,-9.19640818681405,-9.30592194813847,-10.1178110028821,-9.85935072762111,-10.2243541577676
940.666666666667,-14.6642447844363,-4.45003516535257,-9.17080205381933,-9.32464412845001,-11.4471088335445,-11.6056261341364,-12.047902934076
940.888888888889,-14.569612271689,-3.95858227524888,-8.49859237771628,-8.67072931896357,-11.9871407116151,-13.0702374016522,-13.5242415113865
941.111111111111,-14.4744014303545,-3.50155959303664,-7.52977997393316,-7.69139359072076,-11.3754666411653,-13.3358102300241,-13.6519751874656
941.333333333333,-14.3798598333558,-3.12045028302863,-6.56952834060455,-6.70555023549533,-10.0916547157958,-12.2185361564229,-12.3704963022815
941.555555555556,-14.286274975041,-2.82210182466985,-5.75065050363064,-5.85709199266798,-8.73690622355381,-10.5964637492932,-10.6698910635815
941.777777777778,-14.1935474648864,-2.59826775556223,-5.09828435136007,-5.17650056285797,-7.56915451675328,-9.09040822367224,-9.14118559368718
942,-14.101452769253,-2.43648603639203,-4.59546655286372,-4.64877693531682,-6.63424868257511,-7.86362894673663,-7.91288091861059
942.222222222222,-14.0097708791465,-2.32473250908269,-4.21485350103655,-4.24695427859263,-5.90692251339016,-6.90726181603173,-6.96137395352077
942.444444444444,-13.9184308676792,-2.25293835330389,-3.93049234934683,-3.94478002972104,-5.34733828553481,-6.17429969987213,-6.2345348469315
942.666666666667,-13.8278261051973,-2.21320457000097,-3.72112917473287,-3.72046224723442,-4.91872468352869,-5.61780451145625,-5.68384938753448
942.888888888889,-13.7395565325515,-2.19957926709411,-3.57043103180837,-3.55709962611372,-4.59175329664555,-5.19933692292131,-5.27053187808123
943.111111111111,-13.6578610711655,-2.20775715944145,-3.46628306031566,-3.44207287916591,-4.34476889098095,-4.8894071980459,-4.96513416132197
943.333333333333,-13.5907342337236,-2.23483360259967,-3.39995446848261,-3.36624830274174,-4.16285864033704,-4.66610426987927,-4.74586106679313
943.555555555556,-13.5451562677847,-2.27915373041305,-3.36538858656834,-3.32327708428449,-4.03671466661966,-4.51360578784453,-4.59694952176339
943.777777777778,-13.5135272517992,-2.34026461241052,-3.35867309880783,-3.30906016762896,-3.96158032406574,-4.42100991823904,-4.50742225104662
944,-13.4755904064189,-2.41896955166254,-3.37768094712547,-3.32137518227592,-3.93636010804391,-4.38156562702144,-4.47024163732775
944.222222222222,-13.4214261819999,-2.51748335336114,-3.42185693359874,-3.35964246832374,-3.96291153355888,-4.39227413545447,-4.48181939475292
944.444444444444,-13.3546021702771,-2.63968889324977,-3.49212688983226,-3.42480708591884,-4.04552021205197,-4.45380004957861,-4.5418273024076
944.666666666667,-13.2811769975685,-2.79149519333733,-3.59091291468992,-3.51931955984681,-4.19055260642494,-4.5706032761825,-4.65325411842646
944.888888888889,-13.2050619562087,-2.98129290496675,-3.72224511899514,-3.64720519519103,-4.40627676354689,-4.75116303557592,-4.82264666495408
945.111111111111,-13.128197303131,-3.22049179479943,-3.89196618654664,-3.81421880180464,-4.70284073595806,-5.00812192203247,-5.06045432521397
945.333333333333,-13.051434726473,-3.52410323045547,-4.10802982331414,-4.02808886736024,-5.09240398351589,-5.35817131767832,-5.38137236239591
945.555555555556,-12.9751059362637,-3.91129542014249,-4.38089882393246,-4.29886410416914,-5.58942994406756,-5.82159560488993,-5.80457355084338
945.777777777778,-12.8993081489673,-4.40579672780761,-4.72405589385683,-4.6393891408767,-6.21116552371486,-6.42164155527499,-6.35377273197084
946,-12.8240381589821,-5.03594174064777,-5.15465739373216,-5.0659617728667,-6.97834207147606,-7.18423899569958,-7.05723671487959
946.222222222222,-12.7492549105064,-5.83398964754958,-5.69440201845408,-5.5992759178051,-7.91608344716841,-8.13889985241836,-7.94815262295324
946.444444444444,-12.6749095004633,-6.83385602252678,-6.37078494194326,-6.26586269255727,-9.05472567519836,-9.32166201258821,-9.06612748941306
946.666666666667,-12.6009605650934,-8.0647431898614,-7.21912914882636,-7.10047472033749,-10.4291038995665,-10.7805708129596,-10.4607555711315
946.888888888889,-12.5273833038516,-9.53278544129406,-8.28627420501708,-8.15038036936172,-12.0704693224324,-12.5826126125832,-12.1972908713116
947.111111111111,-12.4541760179109,-11.1684212113673,-9.637919525116,-9.48379467049944,-13.9690487314889,-14.811993976836,-14.3579077750618
947.333333333333,-12.3813660838663,-12.7024001278226,-11.3744261122487,-11.2081025740972,-15.9378651399913,-17.4927407266675,-16.99112670317
947.555555555556,-12.3090164753253,-13.5595711074325,-13.6680425818852,-13.5146312305945,-17.3144574991247,-20.08579213085,-19.7406341288223
947.777777777778,-12.2372338365621,-13.2714797794423,-16.8626254852632,-16.8131136447577,-17.1782798582408,-20.5212702977254,-20.7884301920967
948,-12.1661798547278,-12.1325864652225,-21.7772334100419,-22.3178408243164,-15.7442374774643,-18.3674954267757,-18.9909045459897
948.222222222222,-12.0960905228176,-10.7429944118883,-28.9455807896705,-40.3347601462244,-13.9693400316976,-15.819485383166,-16.4478422029964
948.444444444444,-12.0273179398296,-9.43167395150274,-23.9924994110121,-24.9051687179619,-12.341014354313,-13.683473895993,-14.2556895809119
948.666666666667,-11.9604494060749,-8.29580185917962,-18.6049533880077,-18.4308535248724,-10.9662552881034,-11.9803034723123,-12.5013901117529
948.888888888889,-11.8967516149607,-7.34168006752229,-15.3182461462866,-14.941860124995,-9.83451825506006,-10.6225327100315,-11.1018260495821
949.111111111111,-11.8402297097016,-6.55077137368697,-13.0658712268496,-12.6255118108845,-8.91373107063757,-9.53595196591696,-9.97956984874334
949.333333333333,-11.7983685472627,-5.90202372120826,-11.411823764731,-10.9541219388744,-8.175216548418,-8.66919836241278,-9.08073932743723
949.555555555556,-11.7256671990613,-5.37841547639769,-10.1525220888308,-9.70138276289366,-7.59893263425839,-7.98905964055286,-8.37090063217948
949.777777777778,-11.6582078244477,-4.96851900261455,-9.18133618020977,-8.75181764547792,-7.17405109943912,-7.4760947925946,-7.83026552524853
950,-11.6034878472028,-4.66658959419387,-8.44017718141511,-8.04210826775434,-6.89874481854299,-7.12201725296656,-7.45066270546521
950.222222222222,-11.5553609157984,-4.4720235669879,-7.89945115789248,-7.53822904922524,-6.77983685595784,-6.92831981144748,-7.23393168689456
950.444444444444,-11.512587910091,-4.38770507388332,-7.54842277207758,-7.22475683425075,-6.83149525640526,-6.90513273827524,-7.19084628252063
950.666666666667,-11.4749086152925,-4.41543465628657,-7.3884630300742,-7.09777082063776,-7.07024858138944,-7.06838128606693,-7.33892274286409
950.888888888889,-11.4421856606103,-4.54515421355856,-7.42314650253583,-7.15559623368884,-7.49990471057831,-7.43096372618451,-7.69544083630164
951.111111111111,-11.4141980411689,-4.73572381217497,-7.63692053454609,-7.38042521227022,-8.07499681991065,-7.97913577832143,-8.25750291006163
951.333333333333,-11.3905849168759,-4.89713214918412,-7.95431797957871,-7.70411665349452,-8.63875766785758,-8.62233142080039,-8.95505870341492
951.555555555556,-11.3708414679999,-4.90958801096789,-8.19703273571391,-7.97032393928701,-8.9001538632429,-9.13113107580543,-9.57640331782717
951.777777777778,-11.354340767263,-4.70197755891378,-8.128049793397,-7.96206927461908,-8.61266297965646,-9.18541988138676,-9.76823352116533
952,-11.3403704010246,-4.31218617890885,-7.64338122604834,-7.55918276370952,-7.84308154370178,-8.65181026965538,-9.30628239239964
952.222222222222,-11.3281758212688,-3.84302750570691,-6.87583705886495,-6.8569858449189,-6.87738769831525,-7.73656133067436,-8.36297636134354
952.444444444444,-11.3170036844558,-3.38236317834307,-6.03660570803695,-6.05304195396397,-5.94272754297279,-6.73496155653591,-7.2800839924884
952.666666666667,-11.30613992175,-2.97437570156156,-5.26084369856654,-5.29126065358328,-5.13418162764855,-5.81956773390746,-6.27591940879153
952.888888888889,-11.2949392283537,-2.63084902054017,-4.59709068564286,-4.63129007653281,-4.46755098979298,-5.04602352426661,-5.42527722716731
953.111111111111,-11.2828447227391,-2.34806596000057,-4.04767474427908,-4.08184345372197,-3.92829142850092,-4.41373977669917,-4.73115229789684
953.333333333333,-11.269398305669,-2.11722346060539,-3.59831066425204,-3.63119540433296,-3.49495121254931,-3.90374114972574,-4.1725652428748
953.555555555556,-11.2542434842233,-1.92909751160799,-3.23164487342779,-3.26267372373272,-3.14762585975574,-3.49456934695991,-3.72488013463083
953.777777777778,-11.2371230500518,-1.77565931263088,-2.93201001385806,-2.96063171711912,-2.87006343473807,-3.16748019561302,-3.36656638456547
954,-11.2178740916614,-1.65039237379423,-2.68652132096485,-2.71211228791435,-2.64947196052066,-2.90740519616979,-3.08061376617491
954.222222222222,-11.1964225201076,-1.54814487536118,-2.48489850663957,-2.50688508473496,-2.47562075574819,-2.70243990644242,-2.85404881073106
954.444444444444,-11.1727787317953,-1.46485791455381,-2.31895194655047,-2.33698447773545,-2.33980692677338,-2.54288720530513,-2.67677640801308
954.666666666667,-11.1470353100444,-1.39728874718087,-2.18205930696593,-2.19616290247382,-2.23391393909312,-2.42020169926983,-2.54011539306625
954.888888888889,-11.1193668149781,-1.34275799996435,-2.06872621999339,-2.07938532049469,-2.14974089109097,-2.32599339178781,-2.43526553133876
955.111111111111,-11.0900307390491,-1.29891766523663,-1.97424728734989,-1.98238853760094,-2.07883011735425,-2.25131718096336,-2.35226379751271
955.333333333333,-11.0593676495917,-1.26353346938832,-1.894466659805,-1.90131124771274,-2.01299330068914,-2.18664027940803,-2.2802868084702
955.555555555556,-11.0277975342597,-1.23429665771749,-1.82564225210126,-1.83242919800555,-1.94547786304857,-2.12286296068191,-2.20958352110905
955.777777777778,-10.9958087059703,-1.20873202833772,-1.76442597025817,-1.7720812781357,-1.87226595355956,-2.05323259690396,-2.13383927078007
956,-10.9639357726959,-1.18433705556326,-1.70796977249363,-1.71689302124148,-1.79272991784853,-1.97509115245097,-2.05115292223866
956.222222222222,-10.9327246296546,-1.15908176474937,-1.65414007393666,-1.66430007494054,-1.70917424577005,-1.89012510267103,-1.96317445310238
956.444444444444,-10.9026854045509,-1.13216222713824,-1.60176725146506,-1.61311896972377,-1.6255108330055,-1.80283326202379,-1.87348355874215
956.666666666667,-10.8742383169601,-1.10447724678001,-1.55079800574747,-1.56372350221783,-1.54579026951445,-1.71829273501542,-1.78623842406724
956.888888888889,-10.8476611578543,-1.07824259474728,-1.50221312318364,-1.51758841406765,-1.4731925127331,-1.64051499898185,-1.70527771108884
957.111111111111,-10.8230487280855,-1.05587721252624,-1.45766586801533,-1.47646067612975,-1.40964256268481,-1.57185516657822,-1.63349667216318
957.333333333333,-10.8002929244333,-1.03900216989062,-1.41894930109569,-1.44166633249318,-1.35588689756192,-1.51318236660548,-1.57247774778749
957.555555555556,-10.7790883006376,-1.02814027350526,-1.38749955892677,-1.4138335709401,-1.31178352559907,-1.46434148791137,-1.52247586263311
957.777777777778,-10.7589670678972,-1.02298354352765,-1.36410629844577,-1.39296482952192,-1.27662490902144,-1.42460173456702,-1.48273166627362
958,-10.7393827804578,-1.02281113723496,-1.34887238222436,-1.37865313783635,-1.24940639517769,-1.392981172125,-1.45192523172817
958.222222222222,-10.7199220432593,-1.02680261751961,-1.34135058188697,-1.37029132160709,-1.22901724324047,-1.36844475200746,-1.42857526562728
958.444444444444,-10.7008469582394,-1.03420117301774,-1.34074837859162,-1.36721696028162,-1.21436208249689,-1.35000931168605,-1.41129302820063
958.666666666667,-10.6840254853413,-1.04437156327054,-1.3461183907473,-1.36879348061983,-1.204429984295,-1.33679026830299,-1.39889745153188
958.888888888889,-10.6724943898733,-1.05680404626316,-1.35649694650483,-1.37444660633133,-1.19832782892705,-1.32801550848437,-1.39043856125479
959.111111111111,-10.6659438025245,-1.07109724444933,-1.37098703213087,-1.38367493513796,-1.1952910062223,-1.32302257511172,-1.3851750479548
959.333333333333,-10.6593981975411,-1.08693632949647,-1.38879763486578,-1.39604760124274,-1.19468065397035,-1.32124842334281,-1.38253609829369
959.555555555556,-10.649447650925,-1.10407312039447,-1.4092546476061,-1.41119658636201,-1.19597355993931,-1.32221671553071,-1.3820829318464
959.777777777778,-10.6359865040441,-1.12230998481792,-1.43179586268527,-1.42880760485748,-1.19874863950358,-1.32552512441569,-1.3834761411389
960,-10.6199310201821,-1.14148751684473,-1.45595857210706,-1.44861137439606,-1.20267239347629,-1.33083374180129,-1.38645014180131
