Freq [MHz],"dB(S(1,1)) []","dB(S(T1,T1)) []","dB(S(T2,T2)) []","dB(S(T3,T3)) []","dB(S(T4,T4)) []","dB(S(T5,T5)) []","dB(S(T6,T6)) []"
860,-13.61075533,-1.18370405,-1.207231082,-1.182228771,-1.135567249,-1.108860667,-1.125521807
860.2222222,-13.64979175,-1.102596493,-1.125246502,-1.101281755,-1.071347424,-1.037063547,-1.051926444
860.4444444,-13.68792319,-1.030803336,-1.051556007,-1.029865268,-1.013859843,-0.973478974,-0.986670756
860.6666667,-13.72508212,-0.96748736,-0.98564875,-0.967046044,-0.962488733,-0.917251943,-0.928890591
860.8888889,-13.7611948,-0.911853843,-0.927017486,-0.911960305,-0.916676876,-0.867620813,-0.877815141
861.1111111,-13.79618031,-0.863159411,-0.875162431,-0.863816838,-0.875920428,-0.823908944,-0.832758571
861.3333333,-13.82994963,-0.82071712,-0.829594772,-0.821897187,-0.839764192,-0.785516692,-0.793112015
861.5555556,-13.86240467,-0.783898694,-0.789839825,-0.78555385,-0.807797361,-0.75191393,-0.758336101
861.7777778,-13.89343733,-0.752134686,-0.755439801,-0.754207177,-0.779649682,-0.722633205,-0.7279541
862,-13.92292868,-0.724913191,-0.725956199,-0.7273415,-0.754988056,-0.69726358,-0.701545744
862.2222222,-13.95074857,-0.701777623,-0.700971841,-0.704500898,-0.733513545,-0.675445166,-0.678741744
862.4444444,-13.97675562,-0.682323951,-0.680092557,-0.685284898,-0.714958776,-0.656864365,-0.65921897
862.6666667,-14.00079815,-0.666197685,-0.662948575,-0.669344309,-0.699085748,-0.641249786,-0.642696319
862.8888889,-14.02271638,-0.653090859,-0.649195637,-0.656377347,-0.685684049,-0.628368837,-0.62893122
863.1111111,-14.04234638,-0.642739167,-0.6385159,-0.646126146,-0.674569482,-0.618024956,-0.617716783
863.3333333,-14.05952632,-0.634919374,-0.630618664,-0.638373719,-0.665583154,-0.61005549,-0.60887956
863.5555556,-14.07410579,-0.629447096,-0.625240996,-0.632941408,-0.658591054,-0.604330189,-0.602277921
863.7777778,-14.08595831,-0.626174989,-0.622148283,-0.629686826,-0.653484221,-0.600750304,-0.597801034
864,-14.09499749,-0.624991371,-0.621134788,-0.628502263,-0.650179569,-0.59924825,-0.595368421
864.2222222,-14.101196,-0.625819239,-0.622024249,-0.629313498,-0.648621541,-0.599787769,-0.59493006
864.4444444,-14.10460597,-0.62861557,-0.624670535,-0.632078833,-0.648784754,-0.602364408,-0.596466907
864.6666667,-14.10537816,-0.633370672,-0.628958371,-0.636788079,-0.650677851,-0.607005987,-0.599991625
864.8888889,-14.10377579,-0.640107121,-0.634804004,-0.64346092,-0.654348777,-0.613772375,-0.605548997
865.1111111,-14.10017876,-0.648877409,-0.642155566,-0.652143671,-0.659891592,-0.622753287,-0.613215057
865.3333333,-14.09507377,-0.659758796,-0.650992536,-0.662902725,-0.667454579,-0.634061751,-0.623093063
865.5555556,-14.08902829,-0.672842696,-0.661323114,-0.675811768,-0.677248425,-0.64781904,-0.635302847
865.7777778,-14.08264934,-0.688214219,-0.67317717,-0.69092806,-0.689550797,-0.664123947,-0.64995745
866,-14.07653231,-0.705914973,-0.686590378,-0.70825061,-0.704698016,-0.682995125,-0.66711682
866.2222222,-14.07120808,-0.725879248,-0.701571612,-0.7276505,-0.723042161,-0.704270724,-0.686703107
866.4444444,-14.06709819,-0.747831967,-0.718040153,-0.748763154,-0.744827298,-0.727448829,-0.708358241
866.6666667,-14.06448555,-0.771140916,-0.735712447,-0.770839617,-0.769897769,-0.751466557,-0.731231189
866.8888889,-14.06350483,-0.794636124,-0.753915717,-0.792579785,-0.797116664,-0.774466275,-0.75372041
867.1111111,-14.06415152,-0.816459814,-0.771326867,-0.81202691,-0.823467416,-0.79370361,-0.77329543
867.3333333,-14.06630514,-0.834092176,-0.785722556,-0.826679963,-0.843352778,-0.80587317,-0.786670955
867.5555556,-14.06976019,-0.844754601,-0.794021712,-0.834002794,-0.849690153,-0.808077683,-0.790649189
867.7777778,-14.07425855,-0.846278312,-0.793091003,-0.832332172,-0.838202127,-0.799203444,-0.783564606
868,-14.07951871,-0.83814196,-0.781470902,-0.821783607,-0.811907108,-0.780805073,-0.766476756
868.2222222,-14.08525917,-0.821993597,-0.760979681,-0.804490959,-0.779706273,-0.756650295,-0.743001994
868.4444444,-14.09121508,-0.801158417,-0.736386688,-0.783885213,-0.750184014,-0.731172812,-0.71775342
868.6666667,-14.09714863,-0.779421404,-0.713039121,-0.763484599,-0.727805096,-0.707980863,-0.694616286
868.8888889,-14.10285421,-0.759901261,-0.694607872,-0.745965037,-0.713406339,-0.689224143,-0.675928316
869.1111111,-14.1081599,-0.744554025,-0.68252865,-0.732866219,-0.706083414,-0.67574399,-0.662592599
869.3333333,-14.1129262,-0.734258775,-0.676687916,-0.724776698,-0.704514753,-0.667538102,-0.65458842
869.5555556,-14.11704341,-0.729162551,-0.676299307,-0.721684591,-0.707530531,-0.664194019,-0.651456794
869.7777778,-14.12042808,-0.729026972,-0.680470932,-0.723288586,-0.714261105,-0.665175276,-0.6526166
870,-14.12301936,-0.733474175,-0.688456617,-0.72920451,-0.724123091,-0.669973353,-0.657527136
870.2222222,-14.12477534,-0.742129009,-0.699723565,-0.739078705,-0.736763912,-0.678172785,-0.66575375
870.4444444,-14.12566973,-0.754688156,-0.713941916,-0.752639847,-0.752008129,-0.689469908,-0.676983562
870.6666667,-14.12568885,-0.770946912,-0.730951613,-0.769716781,-0.769816679,-0.703670725,-0.6910199
870.8888889,-14.124829,-0.79080503,-0.750729474,-0.790240397,-0.790259237,-0.720681581,-0.70777021
871.1111111,-14.12309422,-0.814264142,-0.773363715,-0.814239784,-0.813497188,-0.740499207,-0.727234161
871.3333333,-14.12049429,-0.841423401,-0.799036919,-0.841837891,-0.839774668,-0.763202939,-0.749494569
871.5555556,-14.11704298,-0.872476559,-0.828016482,-0.873249197,-0.869415733,-0.788950076,-0.774711939
871.7777778,-14.11275646,-0.907711988,-0.860651287,-0.908780497,-0.902826389,-0.817974657,-0.803122662
872,-14.10765173,-0.947516339,-0.897373641,-0.948835354,-0.940500761,-0.850589634,-0.835040757
872.2222222,-14.10174499,-0.992382282,-0.938705914,-0.993922591,-0.983031092,-0.887192465,-0.870863036
872.4444444,-14.09504968,-1.042920785,-0.985271729,-1.044669241,-1.031121575,-0.928274249,-0.911077723
872.6666667,-14.08757406,-1.099878551,-1.037811947,-1.101838594,-1.085606305,-0.974432688,-0.956276704
872.8888889,-14.07931773,-1.164161508,-1.097206054,-1.166354213,-1.14747185,-1.026389357,-1.007171777
873.1111111,-14.07026641,-1.236865641,-1.164499973,-1.239331198,-1.217885214,-1.085011994,-1.06461541
873.3333333,-14.06038373,-1.319316926,-1.24094178,-1.322116428,-1.298228168,-1.151342778,-1.12962671
873.5555556,-14.04959769,-1.413122793,-1.328027393,-1.416340143,-1.390139312,-1.226633822,-1.203423449
873.7777778,-14.03777831,-1.520238403,-1.42755902,-1.523982045,-1.495565627,-1.312391486,-1.287461091
874,-14.02470275,-1.643052169,-1.541720139,-1.64745625,-1.616826024,-1.410431447,-1.383479832
874.2222222,-14.01002094,-1.784496554,-1.673172105,-1.789720931,-1.756690582,-1.522946941,-1.493560639
874.4444444,-13.99338914,-1.948192358,-1.825179241,-1.954420718,-1.918481332,-1.652593077,-1.620191129
874.6666667,-13.9762993,-2.138637792,-2.001771742,-2.146073108,-2.106204381,-1.802590931,-1.766342228
874.8888889,-13.97847513,-2.36145804,-2.207959134,-2.3703148,-2.324730113,-1.976856364,-1.935557336
875.1111111,-14.05370567,-2.623737528,-2.45001185,-2.634231066,-2.580049837,-2.180161354,-2.132059353
875.3333333,-14.06313711,-2.934466977,-2.735835418,-2.946802325,-2.879654548,-2.418342018,-2.360891495
875.5555556,-14.03407166,-3.305153027,-3.075471961,-3.319519836,-3.233102269,-2.69858217,-2.628133623
875.7777778,-14.01085271,-3.750664562,-3.4817792,-3.76725133,-3.652853864,-3.029831677,-2.941287003
876,-13.99347686,-4.29043666,-3.971361556,-4.309486471,-4.155438413,-3.423472052,-3.309996035
876.2222222,-13.97994027,-4.95024137,-4.565867389,-4.972179192,-4.762923002,-3.894405264,-3.747324385
876.4444444,-13.96908152,-5.764909843,-5.293830292,-5.790568766,-5.50448754,-4.462738338,-4.271677613
876.6666667,-13.96000162,-6.782750601,-6.193326016,-6.813689725,-6.417646561,-5.15598273,-4.908988106
876.8888889,-13.95144779,-8.07314532,-7.315788701,-8.111936327,-7.548156028,-6.010999472,-5.694058547
877.1111111,-13.94139395,-9.740103405,-8.730961131,-9.790131298,-8.945689776,-7.073859957,-6.669482902
877.3333333,-13.92733945,-11.94463591,-10.52953817,-12.00791303,-10.64379394,-8.393975329,-7.879852081
877.5555556,-13.90775787,-14.91103621,-12.79771826,-14.97800801,-12.58043862,-10.00162378,-9.353814477
877.7777778,-13.88350631,-18.5283562,-15.40757917,-18.53286652,-14.35060658,-11.82965123,-11.04663329
878,-13.8572153,-19.6619638,-17.13712541,-19.52069443,-14.97409301,-13.49035263,-12.67898174
878.2222222,-13.83135545,-16.4576905,-16.07203657,-16.3577655,-13.97379656,-14.09308333,-13.54319715
878.4444444,-13.80720511,-13.20574206,-13.5733643,-13.16588501,-12.23597594,-13.19025518,-13.04457777
878.6666667,-13.78504152,-10.77711912,-11.26912655,-10.7765982,-10.53531278,-11.55567897,-11.63994124
878.8888889,-13.76466157,-8.971166994,-9.437504765,-9.000693328,-9.095646908,-9.925288618,-10.08108549
879.1111111,-13.74573261,-7.598242608,-8.007921032,-7.652756428,-7.918968415,-8.53554955,-8.700925599
879.3333333,-13.72794425,-6.532806342,-6.883048555,-6.60746018,-6.950498565,-7.400361732,-7.560255767
879.5555556,-13.71105152,-5.689974766,-5.984822195,-5.778747338,-6.126941005,-6.472170838,-6.625816186
879.7777778,-13.69487482,-5.009211071,-5.255010047,-5.104840032,-5.400120662,-5.692030366,-5.838537267
880,-13.67928757,-4.446173933,-4.650921604,-4.541027162,-4.751893845,-5.01070065,-5.145914346
880.2222222,-13.66420297,-3.96915243,-4.141811202,-4.056653235,-4.184842837,-4.403241633,-4.523765625
880.4444444,-13.64956308,-3.557065742,-3.70608918,-3.632937334,-3.700994173,-3.867360121,-3.973167477
880.6666667,-13.63533073,-3.197096317,-3.328948542,-3.259750433,-3.293755831,-3.406559367,-3.499299511
880.8888889,-13.62148353,-2.881703576,-3.000282916,-2.931719126,-2.951627038,-3.018219725,-3.099434818
881.1111111,-13.60800967,-2.605910601,-2.712981893,-2.645097614,-2.662778494,-2.693566918,-2.764410889
881.3333333,-13.59490466,-2.365603272,-2.461698337,-2.396166991,-2.417084879,-2.421793174,-2.483262469
881.5555556,-13.58216892,-2.156842153,-2.242077917,-2.180865799,-2.206470713,-2.192856419,-2.24592959
881.7777778,-13.56980551,-1.97577123,-2.050347793,-1.994990764,-2.024638861,-1.998445944,-2.044099212
882,-13.55781804,-1.818736042,-1.883132622,-1.834496755,-1.866685447,-1.831999868,-1.871178413
882.2222222,-13.54620823,-1.682407142,-1.73738803,-1.695705695,-1.728762845,-1.68841445,-1.722003908
882.4444444,-13.53497275,-1.563846179,-1.610381056,-1.575399799,-1.607820003,-1.563720289,-1.592530352
882.6666667,-13.52409904,-1.460516932,-1.499681246,-1.470831894,-1.501410445,-1.454809948,-1.479568936
882.8888889,-13.51355928,-1.370261152,-1.403148094,-1.379690287,-1.407551534,-1.359228784,-1.380585283
883.1111111,-13.50330189,-1.29125736,-1.31891184,-1.300044731,-1.324620814,-1.275019418,-1.293547587
883.3333333,-13.49323915,-1.221974611,-1.245349212,-1.230288781,-1.251278814,-1.200606963,-1.216813276
883.5555556,-13.48322993,-1.161127803,-1.181056786,-1.169086025,-1.186410828,-1.134713988,-1.149044125
883.7777778,-13.47305578,-1.107637553,-1.124824294,-1.115323124,-1.129082435,-1.076296979,-1.089142191
884,-13.46238975,-1.06059564,-1.075609508,-1.068070245,-1.078505092,-1.024498314,-1.036200978
884.2222222,-13.4507593,-1.009322508,-1.014184769,-1.017396794,-1.028972172,-0.967013038,-0.988102599
884.4444444,-13.4375099,-0.965902584,-0.966645135,-0.974715833,-0.986496795,-0.916927893,-0.947208782
884.6666667,-13.42178716,-0.932321832,-0.934478016,-0.941683762,-0.951853181,-0.877474054,-0.912805768
884.8888889,-13.40257177,-0.906078518,-0.911563575,-0.915823185,-0.923470778,-0.846473581,-0.883591293
885.1111111,-13.37881893,-0.885306647,-0.894109843,-0.895298708,-0.900080972,-0.822149938,-0.858582426
885.3333333,-13.34974788,-0.868629095,-0.879843535,-0.878761641,-0.880665899,-0.803076605,-0.837029456
885.5555556,-13.31525982,-0.855037067,-0.867431864,-0.865226587,-0.86441359,-0.788120548,-0.818355214
885.7777778,-13.27631872,-0.843796214,-0.856112034,-0.853977186,-0.85067995,-0.776388814,-0.80211177
886,-13.23500655,-0.834375604,-0.845464108,-0.844495713,-0.838957247,-0.76718178,-0.787949146
886.2222222,-13.19406113,-0.826394863,-0.835274105,-0.836411136,-0.828848379,-0.759954001,-0.775592466
886.4444444,-13.15606592,-0.819585181,-0.825451812,-0.829461018,-0.820046079,-0.754282315,-0.764825073
886.6666667,-13.12275366,-0.813760684,-0.815981376,-0.82346365,-0.812316257,-0.749840328,-0.755475939
886.8888889,-13.09477225,-0.808797424,-0.806891491,-0.818297671,-0.805484727,-0.746378275,-0.747410202
887.1111111,-13.07188745,-0.80461798,-0.798237375,-0.813887152,-0.799426696,-0.743707262,-0.740521988
887.3333333,-13.05336558,-0.801180127,-0.790089879,-0.810190655,-0.79405849,-0.741687061,-0.734728945
887.5555556,-13.03364266,-0.798468497,-0.782528939,-0.807193193,-0.789331095,-0.740216745,-0.729968061
887.7777778,-13.00034709,-0.796488408,-0.775639712,-0.80490031,-0.785225154,-0.739227596,-0.726192475
888,-12.96620833,-0.795261278,-0.769510351,-0.803333702,-0.781747168,-0.738677857,-0.723369065
888.2222222,-12.93166731,-0.794821194,-0.76423082,-0.80252797,-0.778926662,-0.738548986,-0.721476665
888.4444444,-12.89735693,-0.79521231,-0.759892322,-0.802528184,-0.776814169,-0.738843155,-0.720504813
888.6666667,-12.86412941,-0.796486858,-0.756587127,-0.803388032,-0.775479881,-0.739581837,-0.720452983
888.8888889,-12.83306435,-0.798703596,-0.754408612,-0.805168379,-0.775012888,-0.740805317,-0.721330294
889.1111111,-12.80544258,-0.801926589,-0.753451422,-0.807936104,-0.77552092,-0.742573078,-0.723155703
889.3333333,-12.78267083,-0.806224267,-0.753811655,-0.81176312,-0.777130535,-0.744964972,-0.725958775
889.5555556,-12.76614936,-0.811668758,-0.755587035,-0.816725525,-0.779987724,-0.748083144,-0.72978114
889.7777778,-12.75708951,-0.818335541,-0.758876987,-0.82290288,-0.784258913,-0.752054651,-0.734678792
890,-12.75631061,-0.826303552,-0.763782579,-0.830377655,-0.790132332,-0.757034704,-0.740725468
890.2222222,-12.76406504,-0.835655898,-0.770406286,-0.839234984,-0.797819771,-0.763210424,-0.748017343
890.4444444,-12.77994515,-0.846481408,-0.778851516,-0.849562953,-0.807558713,-0.770804918,-0.756679317
890.6666667,-12.80290729,-0.858877255,-0.789221898,-0.861453771,-0.819614863,-0.780081421,-0.766873087
890.8888889,-12.83141097,-0.872952819,-0.801620367,-0.875006233,-0.834285081,-0.791347129,-0.778807025
891.1111111,-12.86363288,-0.888834889,-0.816148213,-0.890329973,-0.851900742,-0.804956269,-0.792747504
891.3333333,-12.89769545,-0.906674067,-0.832904482,-0.907551848,-0.872831539,-0.821311881,-0.809030732
891.5555556,-12.93185589,-0.926652095,-0.851986473,-0.926824608,-0.897489728,-0.840865826,-0.8280733
891.7777778,-12.96462502,-0.948989616,-0.873492653,-0.948337521,-0.926334821,-0.864116658,-0.850378808
892,-12.99481261,-0.973953878,-0.897530034,-0.972328172,-0.959878706,-0.891605307,-0.876537396
892.2222222,-13.02151469,-1.001866022,-0.924228755,-0.999094261,-0.998691114,-0.923909028,-0.907215428
892.4444444,-13.04406582,-1.03310792,-0.953766882,-1.029004193,-1.043405332,-0.961634616,-0.943134562
892.6666667,-13.06197829,-1.068128955,-0.986407335,-1.062505736,-1.09472393,-1.005412523,-0.985042963
892.8888889,-13.0748856,-1.107453526,-1.022545463,-1.100132918,-1.153424125,-1.055893914,-1.03368555
893.1111111,-13.08250284,-1.151690391,-1.062759868,-1.142512337,-1.220362145,-1.113752749,-1.089782823
893.3333333,-13.08461394,-1.201545063,-1.10785263,-1.190370872,-1.296475428,-1.17969455,-1.154027016
893.5555556,-13.08109462,-1.257836557,-1.158862927,-1.2445471,-1.382780565,-1.254472619,-1.22709963
893.7777778,-13.07197881,-1.321519755,-1.217045366,-1.306008595,-1.48036275,-1.338911211,-1.30970764
894,-13.05757112,-1.393714711,-1.283820799,-1.37587697,-1.590347166,-1.433933879,-1.402630054
894.2222222,-13.0385944,-1.475744418,-1.360724096,-1.455462163,-1.713827025,-1.540593928,-1.506764167
894.4444444,-13.01633516,-1.569182845,-1.449378281,-1.546307468,-1.8516654,-1.66010289,-1.623161885
894.6666667,-12.99271592,-1.675915554,-1.55151407,-1.650246969,-2.003807689,-1.793851793,-1.753049037
894.8888889,-12.97020422,-1.798215735,-1.669036467,-1.769477552,-2.165531922,-1.94341859,-1.897822476
895.1111111,-12.95149895,-1.93883913,-1.804127568,-1.906648156,-2.258893707,-2.110552738,-2.059019595
895.3333333,-12.93903583,-2.101141728,-1.959372172,-2.064969365,-2.667801033,-2.297124188,-2.238252348
895.5555556,-12.93447951,-2.289224018,-2.137897303,-2.248346255,-2.875061221,-2.505018474,-2.437093319
895.7777778,-12.9384181,-2.508104256,-2.343522299,-2.461536019,-3.127391421,-2.735951982,-2.65689573
896,-12.95038332,-2.763918995,-2.580918054,-2.710327783,-3.406254813,-2.991172778,-2.898524102
896.2222222,-12.96914759,-3.064138967,-2.855769109,-3.001732343,-3.707110826,-3.271005183,-3.161970208
896.4444444,-12.99313241,-3.417765808,-3.174916527,-3.344148606,-4.025918135,-3.574197546,-3.445834827
896.6666667,-13.02076579,-3.835426919,-3.546423977,-3.747429706,-4.357126453,-3.897056429,-3.74667347
896.8888889,-13.05070742,-4.329184814,-3.979434333,-4.222681895,-4.692854518,-4.232420867,-4.058223473
897.1111111,-13.081941,-4.911668652,-4.483528413,-4.781447515,-5.022442618,-4.568677711,-4.370497029
897.3333333,-13.11377437,-5.593713256,-5.066982189,-5.433564086,-5.332421364,-4.88925443,-4.668688062
897.5555556,-13.14579235,-6.378888827,-5.732720915,-6.182328099,-5.607126993,-5.17327407,-4.932899338
897.7777778,-13.17779503,-7.252071445,-6.469837608,-7.014603098,-5.830184107,-5.398070905,-5.142138164
898,-13.20973942,-8.158729649,-7.238025529,-7.883143313,-5.986849989,-5.54367067,-5.280821847
898.2222222,-13.24169169,-8.978208279,-7.94624728,-8.683435392,-6.06677931,-5.59805549,-5.340617113
898.4444444,-13.27379123,-9.521820856,-8.445442049,-9.248492912,-6.066337231,-5.560866217,-5.320780254
898.6666667,-13.30622491,-9.616702012,-8.582808344,-9.412149723,-5.989538544,-5.443504554,-5.228940361
898.8888889,-13.33920921,-9.248319136,-8.321419863,-9.134264213,-5.847215363,-5.265612695,-5.079726455
899.1111111,-13.37297791,-8.577496815,-7.788185925,-8.541551998,-5.654820713,-5.049934507,-4.891434829
899.3333333,-13.40777325,-7.804594881,-7.164759502,-7.821433143,-5.429789434,-4.817896219,-4.682528464
899.5555556,-13.44383935,-7.065426194,-6.56461357,-7.113265024,-5.18931599,-4.587098854,-4.469221929
899.7777778,-13.48141651,-6.418875112,-6.017159493,-6.481723556,-4.948973067,-4.370641615,-4.264435833
900,-13.52073592,-5.874272933,-5.52007738,-5.941106101,-4.722157751,-4.177600919,-4.077798775
900.2222222,-13.56201427,-5.424153245,-5.077296773,-5.489259078,-4.520115663,-4.013997246,-3.916221609
900.4444444,-13.60544842,-5.063268316,-4.700569257,-5.124691883,-4.352245901,-3.883820443,-3.784665784
900.6666667,-13.6512108,-4.789259819,-4.399982116,-4.846714317,-4.226433308,-3.789906661,-3.686878095
900.8888889,-13.69944711,-4.598969273,-4.180070746,-4.653087812,-4.149210006,-3.734588835,-3.625971929
901.1111111,-13.75028019,-4.488156706,-4.04097777,-4.540401458,-4.125582241,-3.720081621,-3.604775536
901.3333333,-13.80382893,-4.45279608,-3.980752003,-4.505374354,-4.158376914,-3.748529003,-3.625842215
901.5555556,-13.86026546,-4.489915057,-3.996952322,-4.545621416,-4.246996894,-3.821547269,-3.690930893
901.7777778,-13.9199861,-4.597551954,-4.087176067,-4.659559069,-4.385574689,-3.938948536,-3.799639963
902,-13.9842091,-4.773803707,-4.248484104,-4.845356577,-4.560725934,-4.096204447,-3.94681649
902.2222222,-14.05797123,-5.014746328,-4.475584606,-5.098646914,-4.749439065,-4.280395693,-4.11869499
902.4444444,-14.18639436,-5.310790915,-4.757511535,-5.408537363,-4.918135781,-4.465593947,-4.289090076
902.6666667,-14.08592346,-5.641230857,-5.072822216,-5.751784066,-5.02502862,-4.611571283,-4.41967459
902.8888889,-14.17859962,-5.968160185,-5.384740304,-6.086739665,-5.0302013,-4.672643342,-4.469923616
903.1111111,-14.25239495,-6.234566017,-5.640715165,-6.352700444,-4.917069013,-4.618878883,-4.416319836
903.3333333,-14.3194869,-6.375431069,-5.783433413,-6.483833946,-4.712072174,-4.456089811,-4.267290578
903.5555556,-14.38349738,-6.34590199,-5.775025196,-6.439578077,-4.472625786,-4.224172642,-4.058890726
903.7777778,-14.44531728,-6.150060371,-5.619907119,-6.231306467,-4.249966707,-3.974806506,-3.835506325
904,-14.50518384,-5.841839855,-5.364525414,-5.917961173,-4.070714243,-3.750094769,-3.633097008
904.2222222,-14.56315716,-5.496119472,-5.073644681,-5.574715716,-3.944489551,-3.575248744,-3.473805174
904.4444444,-14.61926682,-5.178189036,-4.805156676,-5.264374356,-3.87551286,-3.461811582,-3.368602883
904.6666667,-14.67356343,-4.931211142,-4.598948728,-5.02753778,-3.868343756,-3.413774974,-3.322150742
904.8888889,-14.72613571,-4.778820502,-4.47826082,-4.886420545,-3.929611847,-3.432566843,-3.336843896
905.1111111,-14.77711302,-4.73301879,-4.455936233,-4.85275497,-4.068518589,-3.520201719,-3.41547044
905.3333333,-14.82666204,-4.801519049,-4.540629617,-4.93475694,-4.297289817,-3.68112999,-3.562856559
905.5555556,-14.87498157,-4.993046734,-4.741467193,-5.142093396,-4.631874546,-3.92343861,-3.786989248
905.7777778,-14.92229862,-5.321029037,-5.071328064,-5.489380928,-5.092922807,-4.25985947,-4.099975216
906,-14.96886805,-5.80651007,-5.549320395,-5.999017291,-5.707008763,-4.708833357,-4.519038546
906.2222222,-15.01497911,-6.480987379,-6.20287207,-6.703964575,-6.507931862,-5.295676194,-5.067599696
906.4444444,-15.06097499,-7.38948261,-7.069325087,-7.65064807,-7.537341066,-6.053556839,-5.776209061
906.6666667,-15.10729799,-8.592980306,-8.195359222,-8.900611701,-8.841541686,-7.023066823,-6.682393106
906.8888889,-15.1545915,-10.16404708,-9.626878716,-10.52265688,-10.45190011,-8.246100489,-7.826198594
907.1111111,-15.20393185,-12.14327869,-11.36032315,-12.53412586,-12.30188755,-9.73929335,-9.230644547
907.3333333,-15.25725044,-14.31143083,-13.16188258,-14.62195423,-13.96561534,-11.40112374,-10.83325177
907.5555556,-15.31371912,-15.54953975,-14.20829484,-15.53354532,-14.42981028,-12.78152202,-12.30165506
907.7777778,-15.02295345,-14.54508641,-13.58791569,-14.26301855,-13.26030014,-13.03069394,-12.87744504
908,-15.18283852,-12.357676,-11.85461503,-12.07189325,-11.39735153,-11.93168482,-12.090648
908.2222222,-15.31605174,-10.26314278,-10.00385588,-10.04576794,-9.603760152,-10.2810472,-10.53145314
908.4444444,-15.38690961,-8.546894914,-8.396333338,-8.39122213,-8.082218357,-8.677545368,-8.898933731
908.6666667,-15.44387068,-7.184670306,-7.082497742,-7.075041907,-6.841851039,-7.303909302,-7.473692814
908.8888889,-15.49602344,-6.1092417,-6.029126818,-6.032930702,-5.844507636,-6.180676312,-6.30432658
909.1111111,-15.5461995,-5.258510117,-5.188618358,-5.206420709,-5.045629308,-5.276959682,-5.365280965
909.3333333,-15.59555933,-4.582854197,-4.517640736,-4.548717097,-4.405893157,-4.553328209,-4.615978766
909.5555556,-15.64466592,-4.043973829,-3.980671747,-4.023560128,-3.893067648,-3.974006098,-4.018186724
909.7777778,-15.69382445,-3.612573314,-3.54964122,-3.60310694,-3.481273134,-3.509517751,-3.54010183
910,-15.74321285,-3.266275894,-3.202697853,-3.266000763,-3.149604056,-3.13644925,-3.156436899
910.2222222,-15.7929395,-2.987936871,-2.92291356,-2.995766272,-2.880724441,-2.8363355,-2.84735259
910.4444444,-15.84307155,-2.76428128,-2.697121323,-2.779457138,-2.659833342,-2.594216718,-2.597083337
910.6666667,-15.89365003,-2.584755573,-2.514898478,-2.606457824,-2.474418209,-2.397043191,-2.392516127
910.8888889,-15.9446984,-2.440506289,-2.367661168,-2.467407521,-2.314849939,-2.23249807,-2.22204193
911.1111111,-15.99622785,-2.323492405,-2.247867827,-2.353394202,-2.175019405,-2.089585843,-2.075462962
911.3333333,-16.04824056,-2.225934078,-2.148443478,-2.255811635,-2.051964259,-1.961273566,-1.945514732
911.5555556,-16.10073192,-2.140492192,-2.06268634,-2.167240628,-1.944512321,-1.845862458,-1.829346948
911.7777778,-16.15369204,-2.061361114,-1.984882288,-2.082968767,-1.851942269,-1.744522995,-1.727307504
912,-16.20710687,-1.985587681,-1.911361915,-2.001812892,-1.773327847,-1.658044708,-1.640070748
912.2222222,-16.26095895,-1.913308613,-1.841102028,-1.925283076,-1.707466757,-1.58582297,-1.567146836
912.4444444,-16.31522804,-1.846494708,-1.775170288,-1.855756258,-1.65303777,-1.526388343,-1.507108886
912.6666667,-16.36989161,-1.787262079,-1.71539639,-1.795045491,-1.608760329,-1.47807073,-1.458250484
912.8888889,-16.42492516,-1.736891683,-1.663248436,-1.743934303,-1.57349021,-1.439351582,-1.418995974
913.1111111,-16.48030257,-1.695712226,-1.619407456,-1.702360915,-1.54625842,-1.408976353,-1.388044126
913.3333333,-16.53599632,-1.663404193,-1.58386885,-1.669783163,-1.526276195,-1.38595679,-1.364376857
913.5555556,-16.59197772,-1.639342641,-1.556220885,-1.645477755,-1.512924265,-1.369537579,-1.347222501
913.7777778,-16.64821708,-1.62283398,-1.535890558,-1.628721669,-1.50573717,-1.35915856,-1.336012884
914,-16.70468386,-1.613243358,-1.522299933,-1.618881692,-1.504388141,-1.35442287,-1.330347197
914.2222222,-16.76134681,-1.61004962,-1.514946931,-1.615449302,-1.508677013,-1.355073244,-1.329965296
914.4444444,-16.81817411,-1.61286162,-1.513439174,-1.618048199,-1.518522173,-1.360976075,-1.334729717
914.6666667,-16.87513346,-1.621417433,-1.517503646,-1.626430628,-1.533956915,-1.37211229,-1.344615141
914.8888889,-16.9321922,-1.635578181,-1.52698623,-1.640471003,-1.555130389,-1.388574285,-1.359704199
915.1111111,-16.99431691,-1.655322285,-1.541848813,-1.660161028,-1.582313411,-1.410568494,-1.380189027
915.3333333,-17.06256869,-1.6807429,-1.56216789,-1.685608334,-1.615909562,-1.43842361,-1.406378386
915.5555556,-17.13236585,-1.712049888,-1.588136689,-1.717039707,-1.656472264,-1.472604885,-1.438710637
915.7777778,-17.20378357,-1.749577167,-1.62007199,-1.754809683,-1.70472884,-1.513735332,-1.47777327
916,-17.27690309,-1.793796271,-1.658426592,-1.799415365,-1.761612851,-1.562625175,-1.524330153
916.2222222,-17.35181246,-1.845337208,-1.70380845,-1.851518601,-1.828306363,-1.620311326,-1.579358127
916.4444444,-17.42860736,-1.905018084,-1.757007826,-1.91197709,-1.90629395,-1.688109187,-1.644095013
916.6666667,-17.50739198,-1.973885566,-1.819034181,-1.981886543,-1.997430098,-1.76767949,-1.720101497
916.8888889,-17.58827981,-2.053268924,-1.891165013,-2.0626367,-2.1040207,-1.861112836,-1.809339313
917.1111111,-17.67139439,-2.144851167,-1.97500924,-2.155984697,-2.228916547,-1.971033635,-1.914267299
917.3333333,-17.75686957,-2.250761525,-2.072587866,-2.264149805,-2.375610176,-2.100721675,-2.037953759
917.5555556,-17.8448491,-2.373693807,-2.18643386,-2.389933498,-2.548313264,-2.254240787,-2.184195813
917.7777778,-17.93548471,-2.517054238,-2.319710442,-2.536866972,-2.751962955,-2.436544025,-2.357618566
918,-18.02893164,-2.685138132,-2.476339515,-2.709382197,-2.992049403,-2.653481751,-2.563688919
918.2222222,-18.12533972,-2.88332297,-2.661114845,-2.912987102,-3.274054505,-2.911551817,-2.808501933
918.4444444,-18.22483701,-3.118236895,-2.879737313,-3.154389414,-3.602123056,-3.217065957,-3.098052183
918.6666667,-18.3275016,-3.397797491,-3.13863307,-3.441435027,-3.976365806,-3.574129679,-3.436457519
918.8888889,-18.4333147,-3.730879639,-3.444268057,-3.782564562,-4.388083281,-3.980485667,-3.822286868
919.1111111,-18.54208664,-4.126101617,-3.801416279,-4.185182663,-4.812795812,-4.4202371,-4.242066325
919.3333333,-18.65334663,-4.588743061,-4.209486431,-4.651829301,-5.203568212,-4.854070799,-4.661292497
919.5555556,-18.76619264,-5.114180228,-4.655839287,-5.172518522,-5.492516292,-5.213249498,-5.017984775
919.7777778,-18.87911685,-5.676177203,-5.106128936,-5.712201728,-5.611302679,-5.412236634,-5.231678488
920,-18.98986471,-6.21169142,-5.496441381,-6.19743136,-5.527633313,-5.389889116,-5.238862455
920.2222222,-19.09545455,-6.615519018,-5.740898645,-6.519578958,-5.267770718,-5.152727593,-5.035713869
920.4444444,-19.19254118,-6.772525544,-5.768449272,-6.579511561,-4.899890883,-4.771812537,-4.68280582
920.6666667,-19.2782479,-6.631208593,-5.570850291,-6.35785524,-4.496572999,-4.336316607,-4.265235254
920.8888889,-19.35130059,-6.247943147,-5.210962222,-5.933429748,-4.109899213,-3.91375423,-3.851912669
921.1111111,-19.41287944,-5.742348169,-4.780160403,-5.424039224,-3.767399524,-3.540028617,-3.481846791
921.3333333,-19.46651646,-5.222437496,-4.352985386,-4.922948757,-3.478606407,-3.227243932,-3.169747755
921.5555556,-19.51694676,-4.751689899,-3.971574912,-4.479972584,-3.242855148,-2.97431141,-2.916150874
921.7777778,-19.56860076,-4.354945542,-3.651717348,-4.11180767,-3.054853728,-2.774481571,-2.715163128
922,-19.62457211,-4.034589887,-3.393916864,-3.817161574,-2.907868555,-2.619485971,-2.558910791
922.2222222,-19.68636772,-3.783022282,-3.191805248,-3.587281382,-2.795282969,-2.501440344,-2.439662675
922.4444444,-19.75420822,-3.589605812,-3.036931204,-3.411550321,-2.711232972,-2.413541871,-2.350655319
922.6666667,-19.82750602,-3.443864448,-2.92102534,-3.279957177,-2.650778271,-2.35019796,-2.286288222
922.8888889,-19.90528068,-3.336673241,-2.836868681,-3.183947142,-2.609864682,-2.306922449,-2.242051922
923.1111111,-19.98643332,-3.260515383,-2.778489638,-3.116540353,-2.585208329,-2.280159195,-2.214365667
923.3333333,-20.0698882,-3.209361343,-2.741079228,-3.072166185,-2.574162853,-2.267102099,-2.200402926
923.5555556,-20.15462658,-3.178428921,-2.720812847,-3.046418316,-2.574595533,-2.265537112,-2.197934986
923.7777778,-20.23961952,-3.163933707,-2.714661126,-3.035814981,-2.584781153,-2.273712436,-2.205201131
924,-20.32365825,-3.162869795,-2.720221332,-3.037593346,-2.60331484,-2.290235355,-2.220804887
924.2222222,-20.40516252,-3.17283039,-2.7355778,-3.0495433,-2.629042027,-2.313991552,-2.243632654
924.4444444,-20.48226924,-3.191866074,-2.759190509,-3.069876982,-2.661002792,-2.344082445,-2.272790433
924.6666667,-20.55348299,-3.218374776,-2.789807681,-3.09712786,-2.698387796,-2.379776571,-2.307554733
924.8888889,-20.61835714,-3.251017038,-2.826397738,-3.130073143,-2.740503414,-2.420471748,-2.347334388
925.1111111,-20.67727454,-3.288651004,-2.868096414,-3.167674291,-2.786744063,-2.465665444,-2.391640685
925.3333333,-20.73065262,-3.330282609,-2.914165533,-3.2090314,-2.836570183,-2.51493138,-2.440063809
925.5555556,-20.77852181,-3.375027521,-2.963960754,-3.253348245,-2.889490618,-2.567900845,-2.492254062
925.7777778,-20.82058531,-3.422082193,-3.016906187,-3.299905586,-2.945048521,-2.624247609,-2.547906696
926,-20.85640745,-3.470702126,-3.072474336,-3.348040913,-3.002810044,-2.683675547,-2.606749484
926.2222222,-20.8855458,-3.520185914,-3.130170216,-3.397133348,-3.062355345,-2.745908362,-2.668532359
926.4444444,-20.9076142,-3.569864043,-3.189518811,-3.446592728,-3.123271514,-2.810680922,-2.733018647
926.6666667,-20.92230645,-3.61909168,-3.250055293,-3.495852164,-3.18514717,-2.877731866,-2.799977507
926.8888889,-20.92940256,-3.66724489,-3.311317569,-3.54436355,-3.247568553,-2.94679724,-2.869177333
927.1111111,-20.92876815,-3.7137198,-3.372840922,-3.591595624,-3.310116988,-3.017605005,-2.940379924
927.3333333,-20.92035134,-3.757934329,-3.434154529,-3.637034225,-3.372367645,-3.089870314,-3.013335323
927.5555556,-20.90417843,-3.799332082,-3.494779791,-3.680184454,-3.433889546,-3.163291532,-3.087777256
927.7777778,-20.88034874,-3.837388007,-3.55423038,-3.720574435,-3.494246782,-3.237547009,-3.163419178
928,-20.84902866,-3.871615377,-3.612013968,-3.757760345,-3.553000873,-3.312292653,-3.239950956
928.2222222,-20.81044507,-3.901573603,-3.667635584,-3.79133238,-3.609714232,-3.387160388,-3.31703628
928.4444444,-20.764878,-3.926876349,-3.720602485,-3.820921258,-3.663954621,-3.461757621,-3.394310914
928.6666667,-20.71265283,-3.947199382,-3.770430443,-3.846204851,-3.715300476,-3.535667829,-3.471381924
928.8888889,-20.65413193,-3.962287617,-3.816651208,-3.866914526,-3.763346914,-3.608452397,-3.547828056
929.1111111,-20.58970597,-3.971960817,-3.858820912,-3.882840757,-3.807712221,-3.679653834,-3.623201415
929.3333333,-20.51978448,-3.976117511,-3.896529039,-3.893837634,-3.848044535,-3.748800434,-3.697030613
929.5555556,-20.44478546,-3.97473679,-3.929407573,-3.899825925,-3.884028452,-3.815412426,-3.768825502
929.7777778,-20.36512291,-3.96787778,-3.957139857,-3.900794441,-3.915391222,-3.879009591,-3.838083568
930,-20.28119063,-3.955676743,-3.979468683,-3.896799559,-3.941908235,-3.939120196,-3.904297975
930.2222222,-20.19333923,-3.938341931,-3.996203147,-3.887962877,-3.963407494,-3.995291047,-3.966967166
930.4444444,-20.10184169,-3.916146435,-4.007223847,-3.874467065,-3.979772834,-4.047098326,-4.025605779
930.6666667,-20.00684103,-3.889419408,-4.012486087,-3.856550126,-3.990945689,-4.09415877,-4.079756559
930.8888889,-19.90827362,-3.858536119,-4.012020856,-3.834498324,-3.99692531,-4.136140688,-4.129002764
931.1111111,-19.80576915,-3.823907332,-4.005933507,-3.808638143,-3.997767395,-4.172774231,-4.172980503
931.3333333,-19.69855474,-3.785968495,-3.994400179,-3.779327629,-3.993581221,-4.203860332,-4.211390349
931.5555556,-19.58545211,-3.745169195,-3.977662158,-3.746947515,-3.984525405,-4.229277759,-4.244007538
931.7777778,-19.46513863,-3.701963276,-3.956018483,-3.711892476,-3.970802534,-4.248987801,-4.270690116
932,-19.33682328,-3.67200084,-3.945656975,-3.686859363,-3.959075324,-4.264969376,-4.289189517
932.2222222,-19.20114396,-3.653834806,-3.942598634,-3.673142064,-3.947610316,-4.274933702,-4.298983887
932.4444444,-19.06053271,-3.637511937,-3.935470925,-3.663190178,-3.931468431,-4.277691629,-4.302323686
932.6666667,-18.9183996,-3.624289126,-3.92547687,-3.657455886,-3.910180287,-4.274793924,-4.300727266
932.8888889,-18.77765269,-3.614376338,-3.913368705,-3.65489094,-3.882076479,-4.268747192,-4.296390272
933.1111111,-18.6397816,-3.605797667,-3.898789897,-3.651830432,-3.844142118,-4.263187571,-4.2907767
933.3333333,-18.50494625,-3.593036959,-3.879243718,-3.641195101,-3.793084508,-4.259621565,-4.276835148
933.5555556,-18.37256102,-3.566770298,-3.84917345,-3.613470182,-3.72796587,-4.238572781,-4.232665563
933.7777778,-18.2418161,-3.516913214,-3.800837158,-3.56069415,-3.6523451,-4.160890179,-4.161091875
934,-18.11195767,-3.439034051,-3.728882188,-3.481670292,-3.572975028,-4.062447182,-4.090421336
934.2222222,-17.98238217,-3.338663162,-3.636199524,-3.383526158,-3.496149473,-3.982884322,-4.028017801
934.4444444,-17.8526381,-3.228164091,-3.533790513,-3.27770458,-3.425539497,-3.917793052,-3.970931467
934.6666667,-17.72239626,-3.119616463,-3.433767275,-3.174491212,-3.362498645,-3.859879014,-3.917020263
934.8888889,-17.5914164,-3.020625757,-3.343676687,-3.080355171,-3.307246825,-3.806358971,-3.865771046
935.1111111,-17.45951989,-2.934410145,-3.266216636,-2.998244743,-3.259759709,-3.756843302,-3.81759892
935.3333333,-17.32657005,-2.861593132,-3.201469535,-2.928973839,-3.220192725,-3.711994922,-3.773409607
935.5555556,-17.19245916,-2.801768234,-3.14877978,-2.872441381,-3.189028098,-3.672994144,-3.734405665
935.7777778,-17.05710049,-2.754390128,-3.107676671,-2.828375143,-3.167113861,-3.641349244,-3.702018344
936,-16.92042424,-2.719176979,-3.078192611,-2.796708613,-3.155682923,-3.618851834,-3.677904603
936.2222222,-16.78237622,-2.69626548,-3.060933264,-2.777757144,-3.156389579,-3.607603359,-3.663984742
936.4444444,-16.64291888,-2.686271758,-3.05708737,-2.772310505,-3.171379224,-3.61008829,-3.662513245
936.6666667,-16.50203409,-2.690336226,-3.068453819,-2.781708778,-3.203400866,-3.629289585,-3.676184274
936.8888889,-16.35972776,-2.710189962,-3.097515809,-2.807938717,-3.255972702,-3.668851975,-3.708279066
937.1111111,-16.21603601,-2.748263327,-3.147577104,-2.853774248,-3.333614477,-3.733305319,-3.762867622
937.3333333,-16.07103311,-2.807853059,-3.222974603,-2.922981333,-3.442164372,-3.828365974,-3.84508261
937.5555556,-15.92430088,-2.893365862,-3.3293862,-3.020609074,-3.589200341,-3.961338976,-3.961489348
937.7777778,-15.77560472,-3.01066056,-3.474258913,-3.153392104,-3.784580333,-4.141645421,-4.120581147
938,-15.62753343,-3.167513915,-3.66738526,-3.33028855,-4.041088858,-4.381490535,-4.333430065
938.2222222,-15.48129684,-3.374229755,-3.921646251,-3.56316134,-4.37509474,-4.696649974,-4.614508535
938.4444444,-15.33904067,-3.644379456,-4.25389299,-3.867548466,-4.80690537,-5.107238598,-4.98263932
938.6666667,-15.20405311,-3.995559045,-4.685793296,-4.263286355,-5.359956725,-5.638023009,-5.461859342
938.8888889,-15.08031905,-4.449763317,-5.244065945,-4.774270662,-6.056687041,-6.317062584,-6.081516682
939.1111111,-14.97080847,-5.032243985,-5.958457432,-5.425446432,-6.906143188,-7.169524301,-6.873692936
939.3333333,-14.87493801,-5.765940001,-6.853093342,-6.232383247,-7.873813726,-8.198993577,-7.862876273
939.5555556,-14.78759342,-6.654710046,-7.920568858,-7.173735329,-8.825522735,-9.340883424,-9.035376713
939.7777778,-14.70157116,-7.643011114,-9.059355824,-8.13482973,-9.483780298,-10.37854586,-10.26583447
940,-14.61136001,-8.547520155,-9.978613256,-8.848218855,-9.55047835,-10.91589295,-11.21231687
940.2222222,-14.51485886,-9.037621421,-10.24360779,-8.984881787,-9.008681634,-10.66359817,-11.40627499
940.4444444,-14.41270762,-8.857279919,-9.697315658,-8.477333712,-8.141209743,-9.800806058,-10.75459904
940.6666667,-14.30696657,-8.125014771,-8.67492226,-7.603840444,-7.232152305,-8.735426393,-9.667456004
940.8888889,-14.20025889,-7.182761356,-7.579621287,-6.674558839,-6.42508405,-7.733974577,-8.548079202
941.1111111,-14.09546048,-6.280547989,-6.613338803,-5.850863747,-5.760187789,-6.890992324,-7.57408879
941.3333333,-13.99563163,-5.518156802,-5.828690035,-5.178801195,-5.231290715,-6.214743301,-6.782340169
941.5555556,-13.90386875,-4.911156429,-5.216632559,-4.653059261,-4.817556517,-5.683289946,-6.156538628
941.7777778,-13.82284418,-4.443519533,-4.750667272,-4.252490401,-4.496885518,-5.26841828,-5.666933185
942,-13.75400389,-4.09185178,-4.403268501,-3.954449536,-4.250661891,-4.94441318,-5.284553409
942.2222222,-13.69675061,-3.83412239,-4.15062962,-3.739319407,-4.064866905,-4.690939724,-4.985639532
942.4444444,-13.6482295,-3.651860459,-3.973117284,-3.591162529,-3.929738441,-4.493609195,-4.75263032
942.6666667,-13.60410797,-3.529913391,-3.854381642,-3.497015352,-3.838931134,-4.343397566,-4.573822251
942.8888889,-13.5599991,-3.455470777,-3.78036555,-3.445854332,-3.788635514,-4.23541214,-4.442319126
943.1111111,-13.51267725,-3.417157544,-3.738895066,-3.427765573,-3.776872083,-4.167479062,-4.354623171
943.3333333,-13.46052474,-3.404757196,-3.720231082,-3.433762851,-3.803026076,-4.138989302,-4.309292565
943.5555556,-13.40329093,-3.409954956,-3.718398864,-3.456588333,-3.867601958,-4.150220661,-4.30601753
943.7777778,-13.34155669,-3.427935394,-3.732342214,-3.492321287,-3.972144699,-4.202106798,-4.345215672
944,-13.27614378,-3.458807299,-3.765775216,-3.54180936,-4.119278453,-4.296303612,-4.428028383
944.2222222,-13.2070664,-3.507596481,-3.825573263,-3.610712889,-4.312830983,-4.435408478,-4.556534746
944.4444444,-13.1302416,-3.582620765,-3.919744786,-3.70796784,-4.558029913,-4.623242603,-4.734042674
944.6666667,-13.04565172,-3.693408858,-4.05614872,-3.843776688,-4.86176761,-4.865150755,-4.965377149
944.8888889,-12.97078001,-3.849443933,-4.24231345,-4.028385655,-5.232930865,-5.168283895,-5.257110929
945.1111111,-12.89942987,-4.060098494,-4.486024524,-4.272037835,-5.682773549,-5.541811719,-5.617670946
945.3333333,-12.82747048,-4.335386849,-4.796231602,-4.585757652,-6.225274997,-5.99698918,-6.057239938
945.5555556,-12.75486624,-4.687067143,-5.184026682,-4.982512523,-6.877426956,-6.547040279,-6.587443299
945.7777778,-12.68193538,-5.129868502,-5.663660665,-5.478535837,-7.659666948,-7.207039077,-7.221087392
946,-12.60889456,-5.682874706,-6.253705331,-6.094864034,-8.597708977,-7.994431404,-7.972709581
946.2222222,-12.53587101,-6.371296988,-6.978582626,-6.859376629,-9.728654832,-8.931344147,-8.861061939
946.4444444,-12.46294308,-7.229115673,-7.870875934,-7.809954514,-11.11422476,-10.04990493,-9.914343133
946.6666667,-12.39017225,-8.303578348,-8.975282497,-9.000078029,-12.86266522,-11.40157638,-11.17835757
946.8888889,-12.31762913,-9.663800271,-10.35616592,-10.51000099,-15.17139993,-13.07278074,-12.72864448
947.1111111,-12.2454176,-11.41919174,-12.11361615,-12.4719449,-18.45153698,-15.21531941,-14.6920552
947.3333333,-12.17369942,-13.7646965,-14.42202684,-15.1365277,-23.83073018,-18.11859515,-17.29316209
947.5555556,-12.10272015,-17.11627329,-17.64009074,-19.09755529,-34.15105139,-22.38955357,-20.94732203
947.7777778,-12.03283538,-22.68610683,-22.72498309,-26.56647957,-25.24332106,-28.38263332,-25.95483391
948,-11.96453418,-36.24199139,-32.92475722,-35.94759933,-19.40991202,-25.99826079,-26.40770813
948.2222222,-11.89845386,-24.47956076,-26.44336122,-22.36647311,-16.04563144,-20.63334916,-21.51380805
948.4444444,-11.83537721,-18.42560339,-20.07372287,-17.49895699,-13.77433654,-17.17827317,-17.90308807
948.6666667,-11.77620153,-15.0472887,-16.5234773,-14.56257782,-12.13236955,-14.81708305,-15.42124591
948.8888889,-11.72187011,-12.77635793,-14.13434028,-12.51357528,-10.91254166,-13.11622763,-13.64722087
949.1111111,-11.67326355,-11.119001,-12.37815706,-10.98406488,-10.00721709,-11.86815585,-12.35932673
949.3333333,-11.63106146,-9.857700291,-11.02913064,-9.805250354,-9.356300867,-10.96393455,-11.4386805
949.5555556,-11.59560174,-8.880625411,-9.97707489,-8.891376798,-8.925412286,-10.34279123,-10.81747237
949.7777778,-11.56677673,-8.127545187,-9.167827216,-8.199666031,-8.693429562,-9.968623963,-10.45277578
950,-11.54400351,-7.568645644,-8.57937105,-7.713202567,-8.640252144,-9.813987109,-10.30760182
950.2222222,-11.52628564,-7.194799035,-8.209839067,-7.431713479,-8.727781035,-9.841230345,-10.32868855
950.4444444,-11.51235236,-7.011199454,-8.067668589,-7.363407256,-8.870482725,-9.97409715,-10.41679814
950.6666667,-11.50083556,-7.028482766,-8.15563116,-7.511401557,-8.912555521,-10.06680074,-10.40598901
950.8888889,-11.49043687,-7.243394778,-8.438143906,-7.845960159,-8.67241729,-9.91864107,-10.10794153
951.1111111,-11.48004907,-7.59988843,-8.787866405,-8.25773747,-8.081532712,-9.395006676,-9.445379117
951.3333333,-11.46881808,-7.939780037,-8.958249463,-8.525255765,-7.255321082,-8.553972085,-8.524979155
951.5555556,-11.45615143,-8.018458602,-8.707510429,-8.403896966,-6.377836161,-7.5839378,-7.53235715
951.7777778,-11.44169003,-7.67724702,-8.029747185,-7.842011163,-5.575004359,-6.649188263,-6.604751264
952,-11.42526135,-6.998644917,-7.139493112,-7.021229839,-4.894764546,-5.83068298,-5.802475457
952.2222222,-11.40682862,-6.192714942,-6.245831766,-6.156842322,-4.338495764,-5.147405587,-5.135128144
952.4444444,-11.3864446,-5.417308806,-5.45231959,-5.370859018,-3.889333985,-4.588885673,-4.589450339
952.6666667,-11.36421414,-4.739811904,-4.78532338,-4.702666573,-3.526840551,-4.135240018,-4.145437295
952.8888889,-11.34026599,-4.172691458,-4.237037568,-4.150829376,-3.232651127,-3.766229427,-3.783491478
953.1111111,-11.31473298,-3.706071773,-3.789405358,-3.699781574,-2.991912417,-3.464423939,-3.486876669
953.3333333,-11.28773889,-3.324098001,-3.423846312,-3.331656219,-2.793124705,-3.215800548,-3.242117484
953.5555556,-11.25939026,-3.011292432,-3.124339876,-3.030458931,-2.627532369,-3.009405368,-3.038645137
953.7777778,-11.22977169,-2.754455509,-2.877931213,-2.783061544,-2.488489106,-2.836775084,-2.86825208
954,-11.19894367,-2.542879969,-2.674389634,-2.579057625,-2.370925096,-2.691376995,-2.724569556
954.2222222,-11.16694207,-2.368027869,-2.505673924,-2.410297938,-2.270930196,-2.568143798,-2.602632129
954.4444444,-11.13377925,-2.223099529,-2.365422375,-2.27039961,-2.185427066,-2.463109128,-2.498534307
954.6666667,-11.09944666,-2.102634745,-2.248520547,-2.154314161,-2.111886652,-2.373125843,-2.40916397
954.8888889,-11.0639199,-2.002179087,-2.150742528,-2.057960493,-2.047997933,-2.295640113,-2.331990746
955.1111111,-11.02716716,-1.918012299,-2.068446375,-1.977900941,-1.991087003,-2.228480866,-2.264881767
955.3333333,-10.98916376,-1.846928241,-1.998309362,-1.911033075,-1.936840357,-2.169568433,-2.205897331
955.5555556,-10.94991594,-1.786061053,-1.937112782,-1.854287604,-1.877568253,-2.11616299,-2.152935739
955.7777778,-10.90949942,-1.73276652,-1.881637971,-1.80438715,-1.809351714,-2.061310809,-2.102671935
956,-10.8681194,-1.684589945,-1.828810401,-1.757857936,-1.755701723,-1.964064447,-2.044857052
956.2222222,-10.82619929,-1.639373882,-1.776252383,-1.71161605,-1.731858036,-1.876474896,-1.861360467
956.4444444,-10.78450068,-1.59555015,-1.723188237,-1.664208112,-1.720578687,-1.964472695,-2.082881511
956.6666667,-10.74426183,-1.552566409,-1.671105976,-1.616865017,-1.711600172,-1.95989716,-2.043435091
956.8888889,-10.70730613,-1.511205697,-1.623287265,-1.57295877,-1.703171837,-1.945706542,-2.013994781
957.1111111,-10.67601456,-1.473430613,-1.583154431,-1.535914754,-1.695513781,-1.931758207,-1.992608438
957.3333333,-10.65300821,-1.441611814,-1.552674455,-1.507496476,-1.688972165,-1.919690703,-1.976043663
957.5555556,-10.64043863,-1.41753172,-1.531943887,-1.487651009,-1.683752527,-1.909781239,-1.962978804
957.7777778,-10.63903706,-1.401794057,-1.519790472,-1.475291456,-1.67993979,-1.901984817,-1.952717246
958,-10.6474361,-1.393888654,-1.514583311,-1.469057146,-1.677543656,-1.896169415,-1.944818126
958.2222222,-10.66233825,-1.392649883,-1.514764226,-1.46771458,-1.676531193,-1.892183394,-1.93896711
958.4444444,-10.67956984,-1.396728969,-1.519060999,-1.47028012,-1.676846796,-1.889877432,-1.934922383
958.6666667,-10.69537728,-1.404890058,-1.526511734,-1.476011358,-1.6784239,-1.889111834,-1.932488649
958.8888889,-10.70724232,-1.416128575,-1.536414484,-1.484358148,-1.681191747,-1.889758582,-1.931503071
959.1111111,-10.71400265,-1.429680774,-1.54826262,-1.494912052,-1.685079267,-1.891701394,-1.931826918
959.3333333,-10.71552816,-1.444986727,-1.561688932,-1.507365801,-1.690017243,-1.894835016,-1.933340179
959.5555556,-10.712289,-1.461642803,-1.576423523,-1.521483757,-1.695939478,-1.899064263,-1.935937877
959.7777778,-10.70500886,-1.479359115,-1.592264047,-1.53708125,-1.702783376,-1.904303021,-1.939527403
960,-10.69445058,-1.497926317,-1.609055268,-1.554010345,-1.710490151,-1.910473299,-1.944026506
