Freq [MHz],"dB(S(1,1)) []","dB(S(can_1,can_1)) []","dB(S(can_2,can_2)) []","dB(S(can_3,can_3)) []","dB(S(can_4,can_4)) []","dB(S(can_5,can_5)) []","dB(S(can_6,can_6)) []"
860,-13.63838538,-1.364260946,-1.638506147,-1.627133517,-1.330938962,-1.506527725,-1.548373884
860.2222222,-13.6863586,-1.384057801,-1.660455622,-1.64929954,-1.34434637,-1.51760142,-1.560593878
860.4444444,-13.73159829,-1.404061795,-1.683086173,-1.672240126,-1.358042043,-1.529184953,-1.573322655
860.6666667,-13.77418672,-1.424243904,-1.706439121,-1.69597253,-1.372038167,-1.541281472,-1.586539486
860.8888889,-13.81420597,-1.444590277,-1.730554042,-1.720507781,-1.38634759,-1.553891027,-1.600225487
861.1111111,-13.85173442,-1.465097169,-1.755466685,-1.745849685,-1.400983703,-1.567011599,-1.614363956
861.3333333,-13.88684411,-1.485767271,-1.78120639,-1.771993972,-1.415960177,-1.580640233,-1.628940733
861.5555556,-13.91959888,-1.506607099,-1.807793067,-1.798927654,-1.431290488,-1.594774239,-1.643944612
861.7777778,-13.9500533,-1.527625163,-1.835233871,-1.826628668,-1.446987039,-1.609412466,-1.659367836
862,-13.97825211,-1.548830673,-1.863519843,-1.85506587,-1.463059604,-1.624556661,-1.67520674
862.2222222,-14.00423031,-1.570232609,-1.892622908,-1.884199417,-1.47951258,-1.640212951,-1.69146257
862.4444444,-14.02801359,-1.591839013,-1.922493826,-1.913981557,-1.496340083,-1.656393506,-1.708142586
862.6666667,-14.0496192,-1.613656423,-1.953061878,-1.944357824,-1.513517081,-1.67311847,-1.72526151
862.8888889,-14.06905735,-1.63568935,-1.984237425,-1.975268569,-1.530983058,-1.690418263,-1.742843471
863.1111111,-14.08633289,-1.657939764,-2.015919052,-2.006650769,-1.548611435,-1.708336411,-1.760924586
863.3333333,-14.10144782,-1.680406541,-2.04800798,-2.03844,-1.566152282,-1.726933072,-1.7795564
863.5555556,-14.11440432,-1.703084827,-2.080433366,-2.070572458,-1.583131135,-1.746289495,-1.798810456
863.7777778,-14.12520881,-1.725965304,-2.113190025,-2.10298693,-1.598720367,-1.766513679,-1.818784325
864,-14.13387695,-1.749033345,-2.146375826,-2.135626625,-1.611905397,-1.787747558,-1.839609552
864.2222222,-14.14043985,-1.772268049,-2.180178975,-2.168440863,-1.623631459,-1.81017607,-1.861461999
864.4444444,-14.14495136,-1.795641207,-2.214742433,-2.201386725,-1.642502353,-1.834038453,-1.884575157
864.6666667,-14.14749616,-1.819116264,-2.24995168,-2.234431047,-1.677746329,-1.859642015,-1.909256905
864.8888889,-14.14819812,-1.842647445,-2.285403304,-2.267553615,-1.720778611,-1.887378333,-1.93590995
865.1111111,-14.14722782,-1.866179317,-2.320658079,-2.300753503,-1.762487108,-1.917741168,-1.965055431
865.3333333,-14.14480763,-1.889647215,-2.35548078,-2.334062468,-1.8023942,-1.951344132,-1.997357612
865.5555556,-14.14121262,-1.912979157,-2.389856099,-2.367572338,-1.842251525,-1.988933868,-2.033644681
865.7777778,-14.13676511,-1.936100056,-2.423887412,-2.401482809,-1.883485275,-2.031390867,-2.074915685
866,-14.13182167,-1.958939125,-2.457712224,-2.436148494,-1.92705173,-2.0797048,-2.122316296
866.2222222,-14.12675222,-1.981441167,-2.491463027,-2.47199538,-1.973600752,-2.134905147,-2.177057449
866.4444444,-14.121913,-2.00358171,-2.525255952,-2.509084719,-2.023568131,-2.197923823,-2.240245492
866.6666667,-14.11761682,-2.025384539,-2.559190359,-2.54666414,-2.077190736,-2.269371125,-2.31260082
866.8888889,-14.11410589,-2.046938049,-2.593351319,-2.583743588,-2.13447247,-2.349230205,-2.394079856
867.1111111,-14.11153203,-2.068404831,-2.627812226,-2.620040617,-2.195125162,-2.436526986,-2.483491526
867.3333333,-14.10994822,-2.090018299,-2.662636891,-2.655874505,-2.258509343,-2.529102975,-2.578289848
867.5555556,-14.10931261,-2.112062512,-2.697881133,-2.691646657,-2.323605047,-2.623662334,-2.67475062
867.7777778,-14.10950331,-2.134836809,-2.733594006,-2.727635287,-2.389044974,-2.716210875,-2.768612975
868,-14.11034018,-2.158613455,-2.769818783,-2.764004962,-2.45323285,-2.802824895,-2.856004873
868.2222222,-14.11160924,-2.183600232,-2.806593789,-2.800853663,-2.514543887,-2.880476572,-2.934264769
868.4444444,-14.11308555,-2.209918238,-2.843953126,-2.83824569,-2.571568322,-2.947576032,-3.002318684
868.6666667,-14.11455183,-2.237598898,-2.881927323,-2.876229285,-2.623331459,-3.004045272,-3.060542403
868.8888889,-14.11581162,-2.266597105,-2.920543927,-2.914845284,-2.66942427,-3.050991052,-3.110297705
869.1111111,-14.11669699,-2.296813224,-2.959828055,-2.954131278,-2.710011132,-3.090199628,-3.153405551
869.3333333,-14.11707178,-2.328116417,-2.99980291,-2.994123626,-2.745727715,-3.123666752,-3.191733603
869.5555556,-14.11683129,-2.360364138,-3.040490289,-3.034858493,-2.777516142,-3.153273471,-3.22695224
869.7777778,-14.11589992,-2.393415633,-3.081911075,-3.076372453,-2.806451879,-3.180619333,-3.260433488
870,-14.11422751,-2.427139502,-3.124085754,-3.118702941,-2.833601947,-3.2069734,-3.293241445
870.2222222,-14.11178529,-2.461416586,-3.167034966,-3.161888658,-2.859931237,-3.233293947,-3.326168642
870.4444444,-14.10856189,-2.49613968,-3.210780109,-3.205970031,-2.886255222,-3.260278593,-3.35978823
870.6666667,-14.10455965,-2.531211446,-3.255344038,-3.250989742,-2.913227781,-3.288421401,-3.394505857
870.8888889,-14.09979146,-2.566541585,-3.300751898,-3.296993384,-2.941350796,-3.3180653,-3.430604325
871.1111111,-14.09427815,-2.602044103,-3.347032116,-3.344030249,-2.97099439,-3.349445512,-3.46827929
871.3333333,-14.08804632,-2.637635444,-3.394217633,-3.392154285,-3.002420151,-3.382723538,-3.507666616
871.5555556,-14.08112678,-2.673234447,-3.442347419,-3.441425238,-3.035802884,-3.418012921,-3.5488629
871.7777778,-14.07355332,-2.708765569,-3.491468358,-3.491909986,-3.071248753,-3.455398525,-3.591940799
872,-14.0653619,-2.74416766,-3.541637553,-3.543684043,-3.108809123,-3.494951039,-3.636960651
872.2222222,-14.05659022,-2.779411737,-3.592925118,-3.596833174,-3.148490175,-3.536738175,-3.683979646
872.4444444,-14.04727761,-2.814532217,-3.645417429,-3.651454938,-3.190258742,-3.580833814,-3.733059592
872.6666667,-14.03746521,-2.849675471,-3.699220686,-3.70765982,-3.234044959,-3.62732611,-3.784274221
872.8888889,-14.02719664,-2.885163756,-3.75446432,-3.765571293,-3.279742287,-3.676325483,-3.83771689
873.1111111,-14.01651908,-2.921556108,-3.811303252,-3.825323646,-3.327205539,-3.727973312,-3.893509623
873.3333333,-14.00548502,-2.959658402,-3.869916974,-3.887055611,-3.376247462,-3.782452196,-3.951814555
873.5555556,-13.99415488,-3.000409715,-3.930501879,-3.950896705,-3.426634535,-3.839998623,-4.012849067
873.7777778,-13.98260092,-3.044602763,-3.993250962,-4.016941809,-3.47808267,-3.90091884,-4.076906183
874,-13.97091303,-3.092525762,-4.058312726,-4.085208531,-3.530253642,-3.965608342,-4.144381855
874.2222222,-13.95920723,-3.143757479,-4.12572072,-4.155572724,-3.582753134,-4.034574102,-4.215810203
874.4444444,-13.94763824,-3.197299131,-4.195291396,-4.227683507,-3.635131383,-4.108455237,-4.291905115
874.6666667,-13.93641745,-3.251961085,-4.266507673,-4.300874245,-3.68688733,-4.188029389,-4.373598609
874.8888889,-13.92583814,-3.306734648,-4.338440784,-4.374111654,-3.737477025,-4.274173423,-4.462045997
875.1111111,-13.91630715,-3.360965074,-4.409795258,-4.44604995,-3.786326595,-4.367709912,-4.558522499
875.3333333,-13.9083763,-3.414335722,-4.47914319,-4.515248468,-3.832849489,-4.46901176,-4.664053475
875.5555556,-13.90274648,-3.466765609,-4.545306206,-4.580534182,-3.87646689,-4.577191906,-4.778530218
875.7777778,-13.90017362,-3.518302987,-4.607705011,-4.641366475,-3.916629342,-4.688840192,-4.899163122
876,-13.90113741,-3.569048471,-4.666475873,-4.698001669,-3.952836985,-4.796936589,-5.018893217
876.2222222,-13.90513479,-3.619109625,-4.722307271,-4.751356431,-3.984655947,-4.891741896,-5.126906058
876.4444444,-13.90982472,-3.668578047,-4.776130583,-4.802662078,-4.011730321,-4.965199543,-5.213305611
876.6666667,-13.91110052,-3.717519629,-4.828840327,-4.8531056,-4.033795568,-5.01625369,-5.275220839
876.8888889,-13.90513081,-3.765971396,-4.881134043,-4.903599238,-4.050716523,-5.05128605,-5.317822944
877.1111111,-13.89089469,-3.813940939,-4.933465509,-4.954702582,-4.062616593,-5.079121468,-5.349490406
877.3333333,-13.8703363,-3.861406215,-4.986063138,-5.006645726,-4.070252745,-5.106210643,-5.376901811
877.5555556,-13.84640747,-3.908314491,-5.038968253,-5.059390462,-4.075851731,-5.135288351,-5.403441747
877.7777778,-13.8214518,-3.954579775,-5.092065181,-5.112687223,-4.084079896,-5.166321453,-5.429869071
878,-13.79681324,-4.000078357,-5.14508882,-5.166109021,-4.100627102,-5.197852089,-5.455473118
878.2222222,-13.77308974,-4.044642489,-5.197602413,-5.219060139,-4.126101352,-5.227979244,-5.478966576
878.4444444,-13.75046754,-4.088052934,-5.248943818,-5.270770274,-4.153723446,-5.254975307,-5.499063106
878.6666667,-13.72895031,-4.130032743,-5.298156661,-5.320303359,-4.177238313,-5.277711862,-5.514878002
878.8888889,-13.70848392,-4.170247821,-5.343984547,-5.366643366,-4.195761236,-5.296022252,-5.526272525
879.1111111,-13.68901449,-4.208325581,-5.385150878,-5.408958907,-4.211494988,-5.31104555,-5.534201676
879.3333333,-13.67050325,-4.243910471,-5.421275385,-5.447126216,-4.227249987,-5.325520162,-5.541059358
879.5555556,-13.65289244,-4.276779177,-5.454286402,-5.482354411,-4.245726844,-5.343918627,-5.550936172
879.7777778,-13.6359658,-4.307022398,-5.48858032,-5.51730771,-4.269559288,-5.372230432,-5.569603994
880,-13.61898889,-4.335240859,-5.528246689,-5.555105929,-4.301404919,-5.417133531,-5.603941841
880.2222222,-13.60029958,-4.362607604,-5.574094226,-5.59769173,-4.343790207,-5.484353347,-5.660521658
880.4444444,-13.57857057,-4.390621192,-5.624104157,-5.645019812,-4.398555783,-5.576369886,-5.743367481
880.6666667,-13.55626664,-4.420563519,-5.675678188,-5.695606693,-4.465889667,-5.690342751,-5.851583458
880.8888889,-13.53751163,-4.452986474,-5.726910681,-5.74757238,-4.543281339,-5.817688795,-5.978238804
881.1111111,-13.52327647,-4.487587976,-5.776703954,-5.79931838,-4.625176546,-5.946229489,-6.111704452
881.3333333,-13.512722,-4.52349225,-5.824497167,-5.849719351,-4.704090349,-6.064085605,-6.239153369
881.5555556,-13.5050672,-4.559651493,-5.870016334,-5.898058148,-4.772964691,-6.163105923,-6.350336033
881.7777778,-13.49972228,-4.595125169,-5.91312243,-5.943898213,-4.827377261,-6.240133194,-6.439688482
882,-13.49600866,-4.629185043,-5.953732704,-5.986975129,-4.866278642,-6.296158372,-6.506261703
882.2222222,-13.49302827,-4.661307247,-5.991783215,-6.027123574,-4.891220245,-6.334547098,-6.552300895
882.4444444,-13.48974877,-4.691121555,-6.027212034,-6.064233358,-4.904999984,-6.359422455,-6.581581119
882.6666667,-13.4852258,-4.718358495,-6.05995211,-6.098224708,-4.910557145,-6.374649323,-6.598151178
882.8888889,-13.47881751,-4.742809463,-6.089928279,-6.129035158,-4.910386288,-6.383384004,-6.605627639
883.1111111,-13.47027425,-4.764302144,-6.117055715,-6.156613043,-4.906363105,-6.387985432,-6.606917064
883.3333333,-13.45968639,-4.782689203,-6.141238487,-6.18091463,-4.899788853,-6.390101836,-6.6041915
883.5555556,-13.44735561,-4.797847548,-6.162367481,-6.201903178,-4.891511917,-6.39081563,-6.598981663
883.7777778,-13.43366524,-4.80968584,-6.180317252,-6.219548964,-4.882054038,-6.390788063,-6.592306706
884,-13.41899033,-4.818158027,-6.1949415,-6.233829745,-4.871714289,-6.390381002,-6.584800455
884.2222222,-13.40021911,-4.822993877,-6.205896401,-6.244568009,-4.868327411,-6.380612899,-6.580188336
884.4444444,-13.37915322,-4.825642196,-6.21368797,-6.252008146,-4.866103209,-6.374067642,-6.580767292
884.6666667,-13.35712005,-4.826439728,-6.218444893,-6.256226838,-4.861842082,-6.382082824,-6.583964572
884.8888889,-13.3341763,-4.825423475,-6.220156496,-6.257220636,-4.855524381,-6.40117217,-6.588175382
885.1111111,-13.31037794,-4.822648986,-6.218820787,-6.254995984,-4.847080788,-6.423534487,-6.592244168
885.3333333,-13.28577893,-4.818193225,-6.214443964,-6.2495689,-4.836262261,-6.443926243,-6.595344186
885.5555556,-13.26042981,-4.812156231,-6.207039692,-6.240964513,-4.821941684,-6.460223056,-6.596887229
885.7777778,-13.23437634,-4.804658302,-6.196628131,-6.229216442,-4.823941729,-6.471969388,-6.596458703
886,-13.20765818,-4.795825432,-6.183234661,-6.214366007,-4.807376294,-6.479349963,-6.59377186
886.2222222,-13.18030778,-4.785748907,-6.166888266,-6.19646125,-4.786996944,-6.482730506,-6.588635931
886.4444444,-13.15234963,-4.774399254,-6.147619527,-6.175555759,-4.767670631,-6.482493813,-6.580934178
886.6666667,-13.12380033,-4.761488529,-6.125458193,-6.151707257,-4.747616416,-6.478994897,-6.570609064
886.8888889,-13.09466982,-4.746349243,-6.100430376,-6.124975961,-4.726574496,-6.472557984,-6.557652673
887.1111111,-13.06496469,-4.728031758,-6.072555526,-6.095422689,-4.704563249,-6.463485954,-6.542101155
887.3333333,-13.03469479,-4.705790548,-6.041843649,-6.063106805,-4.681696424,-6.452072029,-6.52403251
887.5555556,-13.00388488,-4.679659789,-6.00829379,-6.028084199,-4.658140641,-6.438610534,-6.503567342
887.7777778,-12.97259386,-4.650479457,-5.971895725,-5.990405835,-4.634105014,-6.423406006,-6.480872498
888,-12.94094509,-4.619347303,-5.932638266,-5.950118088,-4.60984134,-6.406780499,-6.456167596
888.2222222,-12.90917125,-4.587121229,-5.890529068,-5.907267425,-4.585649082,-6.389078926,-6.429734383
888.4444444,-12.87767699,-4.554299098,-5.84563118,-5.861914366,-4.561883211,-6.37067182,-6.40192835
888.6666667,-12.84711793,-4.5211274,-5.798117441,-5.814165102,-4.538963811,-6.351954256,-6.373190908
888.8888889,-12.81848523,-4.48773871,-5.748331011,-5.764231481,-4.517386047,-6.333338626,-6.34405794
889.1111111,-12.79316562,-4.454244454,-5.69681912,-5.712522812,-4.49772777,-6.315237558,-6.315156234
889.3333333,-12.77292209,-4.420785297,-5.644293196,-5.659737323,-4.480649337,-6.298031454,-6.287172602
889.5555556,-12.75972274,-4.387557601,-5.591492316,-5.606847083,-4.46687546,-6.282013204,-6.260772854
889.7777778,-12.75536991,-4.354829317,-5.538996423,-5.554831577,-4.457141295,-6.267301526,-6.236445061
890,-12.76097953,-4.32295077,-5.487093395,-5.504196729,-4.452074876,-6.253716349,-6.214257396
890.2222222,-12.77650743,-4.292357954,-5.435775478,-5.454671112,-4.451979419,-6.24061866,-6.193573467
890.4444444,-12.80059278,-4.263555301,-5.384846238,-5.405430747,-4.45648529,-6.226738753,-6.172856107
890.6666667,-12.83086033,-4.2370473,-5.33405774,-5.355629832,-4.464090799,-6.210053567,-6.149752459
890.8888889,-12.86454733,-4.213162314,-5.28321273,-5.30475767,-4.471737736,-6.187816331,-6.121572089
891.1111111,-12.89913715,-4.19169621,-5.232214885,-5.252681144,-4.474756081,-6.156855911,-6.086013714
891.3333333,-12.93273978,-4.171375068,-5.181082,-5.199531305,-4.467594234,-6.114195649,-6.041766531
891.5555556,-12.96416048,-4.149438324,-5.129942869,-5.145588812,-4.445424049,-6.057870042,-5.98867638
891.7777778,-12.9927517,-4.12210801,-5.079029695,-5.091222448,-4.405952515,-5.987627734,-5.927483562
892,-13.01817702,-4.086470189,-5.02866106,-5.036877915,-4.350291446,-5.905179691,-5.859387422
892.2222222,-13.04017451,-4.04255695,-4.979176929,-4.983095364,-4.282308243,-5.813873039,-5.785694583
892.4444444,-13.05835646,-3.993380043,-4.930711346,-4.930501168,-4.207034964,-5.717990347,-5.707669018
892.6666667,-13.07205522,-3.942905861,-4.882574945,-4.879567561,-4.129198322,-5.622028544,-5.62658554
892.8888889,-13.08022583,-3.894162098,-4.832213723,-4.829468006,-4.052471542,-5.530214061,-5.543942722
893.1111111,-13.08144127,-3.848660836,-4.775297793,-4.77534653,-3.979403015,-5.446298184,-5.461776492
893.3333333,-13.07405447,-3.80668109,-4.709754558,-4.709475712,-3.911701162,-5.373515647,-5.382973022
893.5555556,-13.05662457,-3.767720041,-4.639385742,-4.634254726,-3.850597454,-5.314538313,-5.311376811
893.7777778,-13.02864472,-3.730841713,-4.569663822,-4.560596965,-3.797131097,-5.271291594,-5.251378926
894,-12.99139068,-3.694925353,-4.503084331,-4.492638716,-3.752272208,-5.244596178,-5.206755769
894.2222222,-12.94838906,-3.658868047,-4.439712507,-4.429236591,-3.716818915,-5.233735563,-5.179048058
894.4444444,-12.90492946,-3.621758277,-4.378944085,-4.368828227,-3.691027289,-5.236187228,-5.166483946
894.6666667,-12.86658291,-3.582998102,-4.320312318,-4.310538539,-3.67405217,-5.247789452,-5.164430094
894.8888889,-12.83751989,-3.542346432,-4.263656289,-4.254034983,-3.663526075,-5.263450751,-5.167192568
895.1111111,-12.81961528,-3.499880702,-4.209052325,-4.199299714,-3.655776046,-5.278198476,-5.169906947
895.3333333,-12.81263644,-3.455903931,-4.156598629,-4.146451585,-3.64686965,-5.288140301,-5.16948349
895.5555556,-12.8150643,-3.41083661,-4.106068171,-4.095553352,-3.633937288,-5.29097234,-5.164549233
895.7777778,-12.82496275,-3.365124872,-4.056661678,-4.046360835,-3.615883977,-5.285945611,-5.15489548
896,-12.84060143,-3.319179229,-4.00725768,-3.998105279,-3.593170027,-5.273457441,-5.14088434
896.2222222,-12.86079229,-3.273343491,-3.957049562,-3.949573717,-3.567075304,-5.254512355,-5.12300641
896.4444444,-12.88492041,-3.227886024,-3.905881536,-3.899635595,-3.538995231,-5.230227968,-5.101602082
896.6666667,-12.91259434,-3.183004244,-3.854050861,-3.8478343,-3.510010114,-5.201454475,-5.076696957
896.8888889,-12.94312503,-3.138835061,-3.801969732,-3.794481118,-3.480697362,-5.168504678,-5.047904121
897.1111111,-12.97544433,-3.095466458,-3.749977978,-3.740275636,-3.451074831,-5.130971961,-5.014369554
897.3333333,-13.00855624,-3.052947417,-3.698302413,-3.685903392,-3.420595411,-5.087634371,-4.974763849
897.5555556,-13.04188261,-3.011294338,-3.647077408,-3.631855359,-3.388172002,-5.036486593,-4.927347874
897.7777778,-13.07522931,-2.970491839,-3.596375247,-3.578421777,-3.352263642,-4.974984768,-4.870155991
898,-13.10860872,-2.930483482,-3.546229658,-3.525748676,-3.311084464,-4.900589891,-4.801335052
898.2222222,-13.14210859,-2.891141393,-3.49665086,-3.47389484,-3.262986034,-4.811597719,-4.719632768
898.4444444,-13.17583123,-2.852189177,-3.447634339,-3.422871779,-3.206982983,-4.708032194,-4.624939732
898.6666667,-13.20987304,-2.813047241,-3.399165663,-3.372667949,-3.143252197,-4.592174956,-4.518690143
898.8888889,-13.244321,-2.772824977,-3.351223009,-3.323262501,-3.073337205,-4.468343333,-4.40389924
899.1111111,-13.27925443,-2.732097285,-3.303778557,-3.274633117,-2.999873413,-4.341914835,-4.28473234
899.3333333,-13.31474812,-2.695471699,-3.256799643,-3.226761011,-2.92591979,-4.218058469,-4.165725565
899.5555556,-13.35087544,-2.663804356,-3.210250734,-3.179635162,-2.854222026,-4.100758977,-4.050957436
899.7777778,-13.38771134,-2.633484551,-3.16409782,-3.133257232,-2.786726472,-3.992438297,-3.943467369
900,-13.42533551,-2.603162658,-3.118318147,-3.087648452,-2.724454201,-3.89410094,-3.845051816
900.2222222,-13.46383635,-2.572873497,-3.072920523,-3.042859601,-2.667642334,-3.805743222,-3.756382049
900.4444444,-13.50331672,-2.542821051,-3.027984696,-2.998984853,-2.615992749,-3.726791847,-3.677292748
900.6666667,-13.54390342,-2.513145387,-2.983730172,-2.956178736,-2.568908795,-3.656446626,-3.60709772
900.8888889,-13.58576485,-2.483923545,-2.940614671,-2.914671461,-2.525668088,-3.593890676,-3.544844845
901.1111111,-13.62914624,-2.455192638,-2.899414095,-2.8747698,-2.485526769,-3.538366768,-3.489476096
901.3333333,-13.67444495,-2.426965783,-2.861125481,-2.836819601,-2.447770953,-3.489108635,-3.439889027
901.5555556,-13.72237489,-2.399241044,-2.826468073,-2.801102777,-2.411734581,-3.445085377,-3.394905712
901.7777778,-13.7742839,-2.372005914,-2.795096582,-2.767671035,-2.376799899,-3.404529188,-3.353157418
902,-13.83226962,-2.345238744,-2.765368237,-2.736194748,-2.34239328,-3.364436149,-3.312911351
902.2222222,-13.89565881,-2.31890718,-2.735330326,-2.705967565,-2.30798749,-3.320787841,-3.271934488
902.4444444,-13.95197284,-2.292961456,-2.704067436,-2.676131576,-2.273122042,-3.270401681,-3.227628331
902.6666667,-13.9962483,-2.267314157,-2.671882604,-2.645990479,-2.237454133,-3.213409714,-3.177756102
902.8888889,-14.04135271,-2.241770733,-2.63936654,-2.615195306,-2.200848769,-3.153275408,-3.121731864
903.1111111,-14.09190826,-2.215694453,-2.606822185,-2.58372723,-2.163498732,-3.094059775,-3.061511688
903.3333333,-14.14699628,-2.185157959,-2.574358496,-2.551766877,-2.126025467,-3.038236874,-3.000857019
903.5555556,-14.2053328,-2.184364365,-2.542049983,-2.519563947,-2.089465595,-2.986538087,-2.943344236
903.7777778,-14.26590073,-2.153010986,-2.509974907,-2.487357178,-2.055052985,-2.938710367,-2.890921837
904,-14.32774069,-2.128218057,-2.478207079,-2.455341683,-2.023824879,-2.894155759,-2.843864949
904.2222222,-14.3897576,-2.104639683,-2.44680745,-2.423664168,-1.996252657,-2.852235686,-2.801480763
904.4444444,-14.45061867,-2.081599461,-2.415822172,-2.392429841,-1.972127521,-2.812341015,-2.762767995
904.6666667,-14.50875357,-2.058878679,-2.38528414,-2.361711863,-1.950743019,-2.773821014,-2.726770362
904.8888889,-14.56248174,-2.036361156,-2.355215367,-2.331559115,-1.931210046,-2.735853011,-2.692694428
905.1111111,-14.61028376,-2.013960105,-2.32562878,-2.302000247,-1.912715756,-2.697855576,-2.659915452
905.3333333,-14.65118257,-1.99159578,-2.296528596,-2.273042189,-1.894649882,-2.661923061,-2.627956519
905.5555556,-14.68511954,-1.969187118,-2.267908182,-2.244660367,-1.876622183,-2.631261205,-2.596495018
905.7777778,-14.71315361,-1.946649328,-2.239743229,-2.216777108,-1.858425084,-2.603848923,-2.565439228
906,-14.73734882,-1.923896225,-2.211976063,-2.189228955,-1.839982565,-2.577619034,-2.535089056
906.2222222,-14.76035707,-1.900848585,-2.184485838,-2.161744792,-1.821305405,-2.552470446,-2.506269582
906.4444444,-14.78485642,-1.877450873,-2.157052854,-2.134002163,-1.802458829,-2.528834492,-2.480131682
906.6666667,-14.81305637,-1.853697953,-2.129399292,-2.105833627,-1.783542329,-2.50719373,-2.457489243
906.8888889,-14.84640677,-1.829669243,-2.101506735,-2.0774627,-1.764679732,-2.488017175,-2.438305783
907.1111111,-14.88552639,-1.805558971,-2.07402327,-2.049433445,-1.746018056,-2.471704446,-2.421970225
907.3333333,-14.93028743,-1.78168066,-2.047754916,-2.022233773,-1.727734496,-2.458423201,-2.40791842
907.5555556,-14.97997725,-1.758423044,-2.022798508,-1.996056965,-1.710050322,-2.447790268,-2.395861213
907.7777778,-15.03348294,-1.736156349,-1.99878483,-1.970860098,-1.693242478,-2.438453883,-2.38548626
908,-15.08947294,-1.715126109,-1.975393094,-1.946511024,-1.677608235,-2.427898851,-2.375787072
908.2222222,-15.14656642,-1.6953912,-1.952458991,-1.922878047,-1.663232489,-2.413024265,-2.364318675
908.4444444,-15.2034841,-1.676836343,-1.929915092,-1.899858658,-1.649314498,-2.391590693,-2.347351361
908.6666667,-15.25917033,-1.659239724,-1.907737299,-1.877380005,-1.633624188,-2.363476227,-2.322108554
908.8888889,-15.31287451,-1.642351005,-1.8859182,-1.855391684,-1.614445509,-2.33051616,-2.289494417
909.1111111,-15.36418336,-1.625946732,-1.864455911,-1.833858587,-1.593181081,-2.295229763,-2.25345938
909.3333333,-15.41300466,-1.609855225,-1.84334979,-1.812755589,-1.572245587,-2.259699653,-2.217806355
909.5555556,-15.45951298,-1.593959008,-1.822598919,-1.792063997,-1.552680064,-2.225193999,-2.184475204
909.7777778,-15.50407397,-1.578186073,-1.802201677,-1.771769263,-1.534507002,-2.192293693,-2.15388356
910,-15.54705619,-1.562204517,-1.783383646,-1.75326009,-1.518674872,-2.16552844,-2.12864049
910.2222222,-15.59133681,-1.546224609,-1.765348439,-1.735540777,-1.504061753,-2.141269827,-2.105349589
910.4444444,-15.63761811,-1.530435676,-1.747571625,-1.718019907,-1.490066161,-2.117496877,-2.082541152
910.6666667,-15.68597195,-1.514911211,-1.730057415,-1.700716136,-1.476637957,-2.094239778,-2.060243849
910.8888889,-15.73620265,-1.499725448,-1.712806057,-1.683638371,-1.463722391,-2.071545358,-2.038500945
911.1111111,-15.78776542,-1.484940144,-1.695815373,-1.666790244,-1.451261276,-2.049488179,-2.017379296
911.3333333,-15.8397768,-1.470593865,-1.679081739,-1.650172462,-1.439194674,-2.028191373,-1.996985895
911.5555556,-15.8911736,-1.456697332,-1.662600708,-1.633784087,-1.42746305,-2.007867507,-1.977500473
911.7777778,-15.94099833,-1.44323558,-1.646367407,-1.617623251,-1.416009748,-1.988898855,-1.959245251
912,-15.98868584,-1.430174972,-1.630376785,-1.601687567,-1.404783589,-1.971954983,-1.942849919
912.2222222,-16.03420085,-1.417471848,-1.614623776,-1.585974364,-1.393741335,-1.957516206,-1.92968747
912.4444444,-16.07797243,-1.405080151,-1.599103387,-1.570480831,-1.382849776,-1.935263534,-1.923043356
912.6666667,-16.12069903,-1.392956688,-1.583810755,-1.555204092,-1.372087193,-1.87008267,-1.924835169
912.8888889,-16.16314287,-1.38106394,-1.568741172,-1.540141251,-1.361444088,-1.840425291,-1.800587858
913.1111111,-16.20598977,-1.369370946,-1.553890094,-1.525289415,-1.350923108,-1.826506966,-1.766420561
913.3333333,-16.24978724,-1.357852996,-1.53925313,-1.510645697,-1.340538262,-1.811692089,-1.765981991
913.5555556,-16.29493819,-1.34649072,-1.52482603,-1.496207215,-1.33031355,-1.795669455,-1.757369009
913.7777778,-16.34172224,-1.335268975,-1.510604655,-1.481971072,-1.320281247,-1.779030346,-1.744969629
914,-16.390325,-1.324175768,-1.496584944,-1.467934333,-1.31048004,-1.762156753,-1.730881413
914.2222222,-16.4408652,-1.313201302,-1.482762867,-1.454093994,-1.300953238,-1.745271877,-1.716024041
914.4444444,-16.49341643,-1.302337179,-1.46913437,-1.440446932,-1.291747205,-1.728512043,-1.700850613
914.6666667,-16.54802297,-1.291575746,-1.455695298,-1.426989842,-1.282910131,-1.71196686,-1.685610307
914.8888889,-16.60471095,-1.280909565,-1.442441304,-1.413719157,-1.274491169,-1.695700472,-1.670454074
915.1111111,-16.66349606,-1.270330966,-1.429367725,-1.400630934,-1.266539962,-1.679763265,-1.65548206
915.3333333,-16.72438876,-1.259831659,-1.41646942,-1.387720709,-1.259106503,-1.664198742,-1.640767028
915.5555556,-16.78739807,-1.249402383,-1.403740561,-1.374983296,-1.252241262,-1.649047913,-1.626367011
915.7777778,-16.85253436,-1.239032566,-1.39117435,-1.362412528,-1.245995514,-1.634352384,-1.612332748
916,-16.9198116,-1.228709991,-1.378762648,-1.350000905,-1.240421737,-1.620156792,-1.598712481
916.2222222,-16.98924951,-1.218420458,-1.36649548,-1.337739133,-1.235573972,-1.606510927,-1.585555384
916.4444444,-17.06087559,-1.208147451,-1.354360395,-1.325615522,-1.231507967,-1.593471766,-1.572914272
916.6666667,-17.1347274,-1.197871831,-1.342341627,-1.313615215,-1.228280881,-1.581105515,-1.560847977
916.8888889,-17.21085502,-1.187571601,-1.330419061,-1.301719243,-1.225950244,-1.569489696,-1.549423542
917.1111111,-17.28932383,-1.177221839,-1.318566999,-1.289903434,-1.224571706,-1.558715199,-1.53871829
917.3333333,-17.37021744,-1.166794915,-1.306752849,-1.278137306,-1.22419495,-1.548888086,-1.528821677
917.5555556,-17.45364073,-1.15626123,-1.294936041,-1.26638329,-1.224856906,-1.540130685,-1.519836622
917.7777778,-17.53972221,-1.145590769,-1.283067851,-1.254596968,-1.226571122,-1.532581093,-1.511879704
918,-17.62861492,-1.13475587,-1.271093389,-1.242729572,-1.229311969,-1.526389587,-1.505079145
918.2222222,-17.72049365,-1.123735657,-1.258957787,-1.230734609,-1.232992409,-1.521709452,-1.499568712
918.4444444,-17.81554489,-1.112522468,-1.246619058,-1.218580674,-1.237434748,-1.518678428,-1.49547467
918.6666667,-17.91394346,-1.101130263,-1.234069083,-1.206271124,-1.242335714,-1.517385524,-1.492891675
918.8888889,-18.01580557,-1.089604088,-1.221359805,-1.193866746,-1.247231195,-1.517817286,-1.4918426
919.1111111,-18.12110423,-1.078028385,-1.208623398,-1.181500148,-1.251472228,-1.519779684,-1.492218185
919.3333333,-18.22953,-1.066530364,-1.196067911,-1.169365771,-1.254231395,-1.522800542,-1.493697695
919.5555556,-18.34028738,-1.055274043,-1.183935294,-1.157677281,-1.254562958,-1.526036956,-1.495665184
919.7777778,-18.45184877,-1.044442082,-1.172432703,-1.146606413,-1.251532777,-1.528241546,-1.497158369
920,-18.56176229,-1.034207029,-1.161672821,-1.13623556,-1.244407929,-1.527863072,-1.496909099
920.2222222,-18.66671823,-1.024699482,-1.151655479,-1.126548272,-1.232855472,-1.523332502,-1.493528895
920.4444444,-18.76312268,-1.015984091,-1.142291895,-1.117453989,-1.217069941,-1.513484939,-1.485829939
920.6666667,-18.84821699,-1.008051983,-1.13344677,-1.108824248,-1.197762362,-1.49793624,-1.473165378
920.8888889,-18.92127262,-1.000831032,-1.124973045,-1.100520212,-1.176005184,-1.477201061,-1.455612193
921.1111111,-18.98403901,-0.994207946,-1.116728866,-1.092404542,-1.152998004,-1.452482579,-1.433892831
921.3333333,-19.04003392,-0.988053124,-1.108579021,-1.084340853,-1.129846888,-1.425269827,-1.409095653
921.5555556,-19.09317278,-0.98224101,-1.1003884,-1.076188337,-1.107422838,-1.396958929,-1.382360621
921.7777778,-19.14662206,-0.976662796,-1.092016347,-1.067800394,-1.086313791,-1.368633187,-1.354668565
922,-19.20233451,-0.971231807,-1.08332155,-1.059036435,-1.066846625,-1.341010768,-1.326772204
922.2222222,-19.26114794,-0.965883682,-1.074186387,-1.049792959,-1.049144148,-1.314498805,-1.299228778
922.4444444,-19.32312062,-0.960573687,-1.064561609,-1.040048592,-1.033189013,-1.289288339,-1.27247011
922.6666667,-19.38786603,-0.955272928,-1.054512268,-1.029899132,-1.018878972,-1.2654484,-1.246858775
922.8888889,-19.45479505,-0.949964581,-1.044227085,-1.019550093,-1.006068104,-1.243000232,-1.222706032
923.1111111,-19.52326236,-0.94464066,-1.033966433,-1.009257091,-0.994594471,-1.221964793,-1.20025467
923.3333333,-19.59264328,-0.93929949,-1.023973201,-0.999245828,-0.984296982,-1.20238126,-1.179648839
923.5555556,-19.66236877,-0.933943882,-1.014403705,-0.989658309,-0.975024609,-1.18429769,-1.16091577
923.7777778,-19.7319384,-0.928579888,-1.005312212,-0.980545004,-0.966640584,-1.167741644,-1.14397238
924,-19.80092377,-0.923215989,-0.996676968,-0.971888829,-0.959023513,-1.152686837,-1.128653517
924.2222222,-19.86896932,-0.917862526,-0.988437493,-0.963636926,-0.952066657,-1.139034486,-1.114749187
924.4444444,-19.93579432,-0.912531113,-0.98052334,-0.955725379,-0.945676165,-1.126619639,-1.102038421
924.6666667,-20.00119773,-0.907233667,-0.972869806,-0.948093429,-0.93976862,-1.11523816,-1.090313162
924.8888889,-20.06506528,-0.901980614,-0.96542385,-0.940689503,-0.934267941,-1.104680234,-1.0793913
925.1111111,-20.12737554,-0.896778,-0.958144627,-0.933472463,-0.929101338,-1.094757133,-1.069121191
925.3333333,-20.18819509,-0.891623882,-0.95100178,-0.926410629,-0.924193542,-1.085315401,-1.059380837
925.5555556,-20.2476426,-0.886505721,-0.943973168,-0.919480054,-0.919457726,-1.076239691,-1.050074364
925.7777778,-20.30578612,-0.881401422,-0.937042759,-0.912662771,-0.914780658,-1.067448578,-1.041127586
926,-20.36243133,-0.876285409,-0.930198919,-0.905945278,-0.910001596,-1.058887515,-1.032483652
926.2222222,-20.41679869,-0.871137339,-0.923433106,-0.899317329,-0.90491258,-1.050521649,-1.024099222
926.4444444,-20.46723069,-0.865948279,-0.916738911,-0.892771012,-0.899487518,-1.04232975,-1.015941325
926.6666667,-20.51126787,-0.860721125,-0.910111364,-0.886300056,-0.895001166,-1.034299594,-1.00798486
926.8888889,-20.54637048,-0.855466514,-0.903546424,-0.879899319,-0.894142258,-1.026424671,-1.000210668
927.1111111,-20.570971,-0.850197734,-0.897040619,-0.873564405,-0.89521022,-1.018701938,-0.992604059
927.3333333,-20.58501849,-0.844927073,-0.890590779,-0.867291379,-0.895123449,-1.011130326,-0.985153695
927.5555556,-20.58961776,-0.83966413,-0.884193832,-0.861076556,-0.893906084,-1.003709769,-0.97785075
927.7777778,-20.58624239,-0.834415496,-0.877846647,-0.854916328,-0.892180149,-0.996440566,-0.970688264
928,-20.57615179,-0.829185106,-0.871545912,-0.84880704,-0.890288897,-0.989322964,-0.963660651
928.2222222,-20.56019321,-0.823974778,-0.865288024,-0.842744875,-0.888385697,-0.982356867,-0.956763311
928.4444444,-20.53884665,-0.818784712,-0.859068999,-0.836725771,-0.8865389,-0.975541624,-0.94999231
928.6666667,-20.51234501,-0.813613877,-0.852884387,-0.830745336,-0.884780417,-0.968875859,-0.943344109
928.8888889,-20.48078318,-0.808460273,-0.846729196,-0.824798787,-0.883126232,-0.962357327,-0.936815306
929.1111111,-20.44419329,-0.803321112,-0.840597827,-0.818880886,-0.881585291,-0.955982788,-0.930402384
929.3333333,-20.40258961,-0.798192932,-0.834484023,-0.812985897,-0.880163558,-0.949747896,-0.924101432
929.5555556,-20.35599231,-0.793071676,-0.828380845,-0.80710755,-0.878865969,-0.943647102,-0.917907823
929.7777778,-20.30443822,-0.787952785,-0.822280681,-0.801239038,-0.877697427,-0.937673589,-0.911815829
930,-20.24798348,-0.782831324,-0.816175322,-0.795373039,-0.876663285,-0.931819217,-0.905818138
930.2222222,-20.1867014,-0.777702202,-0.81005613,-0.789501792,-0.875769495,-0.926074475,-0.899905259
930.4444444,-20.12067658,-0.772560563,-0.803914331,-0.783617246,-0.875022392,-0.920428393,-0.894064773
930.6666667,-20.04999574,-0.767402434,-0.797741498,-0.777711318,-0.874427897,-0.914868318,-0.888280437
930.8888889,-19.97473477,-0.762225773,-0.79153027,-0.771776294,-0.873989656,-0.909379399,-0.882531132
931.1111111,-19.894941,-0.757032061,-0.785275366,-0.765805428,-0.873705147,-0.903943498,-0.876789708
931.3333333,-19.81061012,-0.751828551,-0.778974923,-0.759793815,-0.873557929,-0.898537102,-0.871021893
931.5555556,-19.72165925,-0.746631181,-0.772632142,-0.753739585,-0.873503046,-0.893127678,-0.865185505
931.7777778,-19.6279054,-0.741467744,-0.766257132,-0.747645504,-0.873441569,-0.88766791,-0.859230482
932,-19.52907658,-0.736380337,-0.759868694,-0.741521,-0.87318295,-0.882087896,-0.853100394
932.2222222,-19.42491437,-0.731425223,-0.753495629,-0.735384574,-0.872410161,-0.876287565,-0.846736311
932.4444444,-19.31544596,-0.726667787,-0.747176989,-0.729266369,-0.870707462,-0.870136755,-0.840083785
932.6666667,-19.20141374,-0.722171132,-0.740960674,-0.723210405,-0.867757316,-0.863497769,-0.833103296
932.8888889,-19.0845496,-0.717979931,-0.734899954,-0.71727548,-0.863696264,-0.856285481,-0.825784368
933.1111111,-18.96715759,-0.714105427,-0.72904792,-0.711533086,-0.859253929,-0.848552186,-0.81816962
933.3333333,-18.8510364,-0.710519291,-0.723450511,-0.706060009,-0.855326669,-0.840529785,-0.810436755
933.5555556,-18.73671765,-0.707160426,-0.718139215,-0.700923081,-0.852421195,-0.832557319,-0.803135806
933.7777778,-18.6236792,-0.703951485,-0.713124564,-0.696155114,-0.850560978,-0.824929884,-0.796343615
934,-18.51104505,-0.700816965,-0.708390843,-0.69172599,-0.849526533,-0.817795697,-0.788991002
934.2222222,-18.39808396,-0.697695817,-0.703890886,-0.687521611,-0.849068423,-0.811161346,-0.781585944
934.4444444,-18.28435809,-0.694546304,-0.699537615,-0.683350961,-0.848992041,-0.804955592,-0.774545936
934.6666667,-18.16968185,-0.691344829,-0.695185857,-0.678995743,-0.849166486,-0.799087519,-0.767952669
934.8888889,-18.05720944,-0.687699141,-0.690158459,-0.674236016,-0.849703746,-0.794027237,-0.762778397
935.1111111,-17.94401928,-0.684011592,-0.685112206,-0.669484619,-0.850308353,-0.789027191,-0.757761958
935.3333333,-17.82969351,-0.680318356,-0.680110932,-0.664767855,-0.850944831,-0.784028724,-0.752783782
935.5555556,-17.714137,-0.676611624,-0.67515471,-0.660086469,-0.851600239,-0.779046044,-0.747845058
935.7777778,-17.59724676,-0.672882298,-0.670243569,-0.655441125,-0.852259268,-0.774099378,-0.742948671
936,-17.47891251,-0.669120087,-0.665377469,-0.650832367,-0.852904081,-0.769216648,-0.738099929
936.2222222,-17.35901902,-0.6653139,-0.660556264,-0.646260552,-0.853514301,-0.764434838,-0.733307573
936.4444444,-17.2374516,-0.66145269,-0.655779647,-0.641725742,-0.854067241,-0.759800136,-0.72858514
936.6666667,-17.11410736,-0.657526966,-0.65104705,-0.637227513,-0.854538464,-0.755365343,-0.723952662
936.8888889,-16.9889158,-0.653531087,-0.64635749,-0.632764611,-0.854902776,-0.751182609,-0.71943852
937.1111111,-16.86187449,-0.649466253,-0.641709283,-0.628334308,-0.855135697,-0.74729028,-0.715080759
937.3333333,-16.73310711,-0.64534362,-0.637099522,-0.623931094,-0.855215411,-0.743695374,-0.710926257
937.5555556,-16.60295056,-0.641186425,-0.63252303,-0.619543868,-0.855125074,-0.74035809,-0.707024735
937.7777778,-16.47207134,-0.637029542,-0.627970065,-0.615149366,-0.854855186,-0.737188326,-0.703413489
938,-16.3415899,-0.632915363,-0.623420703,-0.610695423,-0.854405603,-0.734061092,-0.700090891
938.2222222,-16.21314848,-0.628886302,-0.618828634,-0.606055574,-0.853786624,-0.730846769,-0.696986123
938.4444444,-16.08880254,-0.62497622,-0.614062158,-0.60092305,-0.853018574,-0.727441815,-0.693947825
938.6666667,-15.97060551,-0.621204027,-0.608592064,-0.594975433,-0.852129469,-0.723785913,-0.690776733
938.8888889,-15.85989411,-0.617571775,-0.598616511,-0.590356397,-0.851150622,-0.719861769,-0.687296421
939.1111111,-15.75658165,-0.614067307,-0.599946396,-0.588232419,-0.850110455,-0.715683569,-0.683415312
939.3333333,-15.65896238,-0.610669624,-0.599273895,-0.585618061,-0.849027131,-0.711282618,-0.679138119
939.5555556,-15.5642644,-0.607354702,-0.595337781,-0.582377215,-0.847900804,-0.706695737,-0.67453263
939.7777778,-15.46961095,-0.604100254,-0.591290231,-0.578875252,-0.846706366,-0.701958106,-0.669686766
940,-15.37279289,-0.600888938,-0.58729998,-0.575279244,-0.845387469,-0.697099944,-0.664680186
940.2222222,-15.27254429,-0.597710216,-0.583378755,-0.571656121,-0.84385256,-0.692145733,-0.659573622
940.4444444,-15.1684175,-0.594561219,-0.579522048,-0.568032149,-0.841973839,-0.687114914,-0.654409262
940.6666667,-15.06050448,-0.591446764,-0.575722739,-0.564415006,-0.839590438,-0.682023365,-0.649215614
940.8888889,-14.9491813,-0.588378264,-0.571971928,-0.560801731,-0.836517725,-0.676885396,-0.644013265
941.1111111,-14.8349416,-0.585370964,-0.568257738,-0.557181312,-0.832565118,-0.671716308,-0.638820351
941.3333333,-14.71832047,-0.582438973,-0.564563431,-0.553534999,-0.827564508,-0.666535787,-0.633657726
941.5555556,-14.59989268,-0.579588311,-0.56086493,-0.549835578,-0.821409553,-0.661372613,-0.62855433
941.7777778,-14.480336,-0.576809715,-0.557127698,-0.54604633,-0.814101927,-0.656271306,-0.623553273
942,-14.36056259,-0.574074266,-0.553303208,-0.542120479,-0.805794434,-0.651301168,-0.618718845
942.2222222,-14.24192627,-0.571334576,-0.549325925,-0.538002404,-0.796815033,-0.646567186,-0.614143621
942.4444444,-14.12648607,-0.568531683,-0.545113205,-0.533632514,-0.787654581,-0.642219214,-0.609952377
942.6666667,-14.01720252,-0.565604668,-0.540572747,-0.528958149,-0.778908468,-0.638449073,-0.606294882
942.8888889,-13.91772445,-0.562498948,-0.535624121,-0.523951974,-0.771177588,-0.635455284,-0.603313781
943.1111111,-13.83124406,-0.559170969,-0.530238352,-0.518635711,-0.764950176,-0.633353141,-0.601074089
943.3333333,-13.75836135,-0.555589685,-0.524486294,-0.513100246,-0.760493892,-0.632041988,-0.599464253
943.5555556,-13.69543216,-0.551736927,-0.518564367,-0.507507326,-0.757784143,-0.631122515,-0.598132283
943.7777778,-13.63565885,-0.547608856,-0.512759445,-0.502061643,-0.756485421,-0.629991919,-0.596550845
944,-13.57261326,-0.543219951,-0.507353441,-0.496959304,-0.755994472,-0.628100556,-0.594219285
944.2222222,-13.5029396,-0.5386097,-0.50252657,-0.492337382,-0.755546983,-0.625162925,-0.59086008
944.4444444,-13.42641738,-0.533850657,-0.498322359,-0.488249836,-0.75437525,-0.621171864,-0.586464197
944.6666667,-13.34455078,-0.529054553,-0.49467911,-0.484675872,-0.751879928,-0.616277391,-0.581198043
944.8888889,-13.2592786,-0.524371327,-0.491486477,-0.48154747,-0.747758749,-0.610662947,-0.575282412
945.1111111,-13.17231763,-0.519975776,-0.488630463,-0.478778501,-0.742043056,-0.604478904,-0.568915871
945.3333333,-13.08497295,-0.516040134,-0.486016093,-0.476285262,-0.735034511,-0.597825498,-0.562248223
945.5555556,-12.99816084,-0.512698274,-0.483573314,-0.473996811,-0.727181391,-0.59076109,-0.555382688
945.7777778,-12.91249257,-0.510014645,-0.481254566,-0.471857887,-0.718952133,-0.583319826,-0.548388269
946,-12.82835696,-0.507971594,-0.479029724,-0.469827811,-0.710746928,-0.575532192,-0.541313091
946.2222222,-12.74598412,-0.506480202,-0.47688112,-0.467877856,-0.702857986,-0.56744664,-0.53419576
946.4444444,-12.66549019,-0.505407908,-0.474799474,-0.465988464,-0.695467496,-0.559150899,-0.527074654
946.6666667,-12.58690716,-0.504609888,-0.472780758,-0.464146896,-0.688665844,-0.55078907,-0.519995893
946.8888889,-12.51020254,-0.503953367,-0.470823746,-0.462345494,-0.682475785,-0.54256694,-0.513020665
947.1111111,-12.43529271,-0.503330685,-0.468928074,-0.460580421,-0.676874243,-0.534736123,-0.506231953
947.3333333,-12.3620531,-0.502662511,-0.467092761,-0.458850455,-0.671808166,-0.527552139,-0.499739396
947.5555556,-12.29032831,-0.501894964,-0.465315283,-0.457155001,-0.667203936,-0.521214239,-0.493678728
947.7777778,-12.21994558,-0.500994223,-0.463591305,-0.455490528,-0.662972707,-0.515809294,-0.488199009
948,-12.15073617,-0.499940997,-0.461914948,-0.453846492,-0.659019971,-0.511285484,-0.483428801
948.2222222,-12.08257105,-0.498726092,-0.460279345,-0.452205009,-0.655274212,-0.507467052,-0.47941733
948.4444444,-12.01541928,-0.497347565,-0.45867714,-0.450546721,-0.651724289,-0.50409935,-0.476066363
948.6666667,-11.94943802,-0.495809597,-0.457100767,-0.448857196,-0.648388919,-0.500901338,-0.473098135
948.8888889,-11.88509816,-0.494122948,-0.45554252,-0.447127396,-0.645213929,-0.497607108,-0.470109774
949.1111111,-11.82333063,-0.492306421,-0.453994618,-0.445350361,-0.642043535,-0.493990809,-0.466709205
949.3333333,-11.76563654,-0.490387453,-0.452449611,-0.443519966,-0.638670396,-0.489879742,-0.462650703
949.5555556,-11.714043,-0.488396838,-0.45090179,-0.441635402,-0.634866943,-0.485164143,-0.457885645
949.7777778,-11.67075522,-0.486348287,-0.449351057,-0.439712847,-0.630396815,-0.479809971,-0.452522102
950,-11.63746038,-0.48419724,-0.44781131,-0.437800104,-0.625048496,-0.473874986,-0.446749023
950.2222222,-11.61452989,-0.481809278,-0.446313979,-0.435973737,-0.61871558,-0.467520443,-0.440776378
950.4444444,-11.60063205,-0.479021211,-0.444843469,-0.434293401,-0.611509781,-0.461004368,-0.434807652
950.6666667,-11.59311088,-0.475799367,-0.443250578,-0.432744547,-0.60383291,-0.454644308,-0.429035979
950.8888889,-11.58892338,-0.472305219,-0.441465457,-0.431246993,-0.596305333,-0.448751848,-0.423646302
951.1111111,-11.58554734,-0.468778955,-0.439557351,-0.429717532,-0.589540496,-0.443561504,-0.418806079
951.3333333,-11.58144316,-0.465408565,-0.437573685,-0.428107756,-0.583913385,-0.439185094,-0.414635704
951.5555556,-11.57604834,-0.462293484,-0.435526828,-0.426401119,-0.579485096,-0.435609042,-0.411169911
951.7777778,-11.56946967,-0.459464722,-0.433419295,-0.4245979,-0.57608856,-0.432727431,-0.408340854
952,-11.56200042,-0.456912399,-0.431253779,-0.422704717,-0.573464651,-0.430388605,-0.406004793
952.2222222,-11.5535938,-0.454605568,-0.429035498,-0.420729916,-0.571360993,-0.42843533,-0.403997782
952.4444444,-11.54360578,-0.452504614,-0.426772376,-0.418682249,-0.569575393,-0.426729644,-0.402183703
952.6666667,-11.53109965,-0.450568707,-0.424474691,-0.416570927,-0.567962292,-0.42516314,-0.400473373
952.8888889,-11.51543262,-0.448760017,-0.422154637,-0.414406076,-0.566423191,-0.42365755,-0.398819613
953.1111111,-11.49651218,-0.447045769,-0.419825881,-0.412199261,-0.564893467,-0.422160517,-0.397203055
953.3333333,-11.47461111,-0.445398902,-0.417503179,-0.409963899,-0.56333062,-0.420639899,-0.395619023
953.5555556,-11.45007818,-0.443797917,-0.415202033,-0.407715499,-0.561705186,-0.419078349,-0.394068927
953.7777778,-11.42317044,-0.442226326,-0.412938383,-0.405471664,-0.559993965,-0.417468872,-0.392555753
954,-11.3940103,-0.440671992,-0.4107283,-0.403251766,-0.558174911,-0.415811467,-0.391082227
954.2222222,-11.36260351,-0.439126558,-0.408587606,-0.401076179,-0.556223017,-0.414110692,-0.389650273
954.4444444,-11.32887486,-0.437585104,-0.406531332,-0.398964984,-0.554106826,-0.412373877,-0.388260678
954.6666667,-11.29270511,-0.436046159,-0.404572858,-0.396936051,-0.551785427,-0.410609596,-0.386911713
954.8888889,-11.2539669,-0.434512242,-0.402722571,-0.395002564,-0.549206284,-0.408825653,-0.385594478
955.1111111,-11.21256179,-0.432991094,-0.400985856,-0.39317021,-0.546304816,-0.40702491,-0.384280643
955.3333333,-11.16846107,-0.431497725,-0.399360345,-0.391434529,-0.5430074,-0.405194762,-0.382897406
955.5555556,-11.12175164,-0.430056858,-0.39783261,-0.389779168,-0.539240087,-0.403281484,-0.381301086
955.7777778,-11.07268536,-0.428703663,-0.396375025,-0.388175824,-0.534945021,-0.401146279,-0.37932589
956,-11.02172666,-0.427477169,-0.394944239,-0.386586451,-0.530104032,-0.398589372,-0.376987028
956.2222222,-10.96958827,-0.426398253,-0.393483287,-0.384967675,-0.524763515,-0.395676622,-0.374567924
956.4444444,-10.91724099,-0.42543487,-0.391928945,-0.38327661,-0.51904841,-0.39292546,-0.372327494
956.6666667,-10.86588211,-0.424488719,-0.390223997,-0.381476705,-0.513152004,-0.390620121,-0.370308015
956.8888889,-10.81685161,-0.423441639,-0.388330873,-0.37954219,-0.507298176,-0.388622468,-0.368438592
957.1111111,-10.77149785,-0.422226547,-0.386241078,-0.377460231,-0.501689755,-0.386759322,-0.366644723
957.3333333,-10.73101195,-0.420847484,-0.383976059,-0.37523065,-0.496466578,-0.384943943,-0.364877244
957.5555556,-10.69626642,-0.419347326,-0.381579544,-0.372863825,-0.491689769,-0.383143527,-0.363108127
957.7777778,-10.66769896,-0.417772686,-0.379105479,-0.370377615,-0.487351846,-0.381347491,-0.361322236
958,-10.64527182,-0.416158662,-0.376606721,-0.367794185,-0.483400411,-0.379552988,-0.359511618
958.2222222,-10.62851324,-0.414527583,-0.374127667,-0.365137272,-0.479762497,-0.377759299,-0.357672246
958.4444444,-10.61662294,-0.412892374,-0.371701291,-0.362430155,-0.476362488,-0.375965779,-0.355802253
958.6666667,-10.60860823,-0.411260058,-0.36934941,-0.359694347,-0.473132293,-0.374171153,-0.353900983
958.8888889,-10.6034168,-0.409634225,-0.367084603,-0.356948898,-0.470015502,-0.372373317,-0.351968475
959.1111111,-10.60004265,-0.408016558,-0.364912602,-0.354210139,-0.466967862,-0.370569321,-0.350005173
959.3333333,-10.59759529,-0.406407722,-0.362834475,-0.35149172,-0.463955964,-0.368755433,-0.348011762
959.5555556,-10.59533389,-0.404807851,-0.360848362,-0.348804813,-0.460955298,-0.366927223,-0.345989072
959.7777778,-10.59267423,-0.403216825,-0.358950726,-0.346158399,-0.457948309,-0.365079668,-0.343938015
960,-10.58917799,-0.401634414,-0.357137195,-0.343559577,-0.4549227,-0.363207257,-0.341859549
