"Freq [MHz]","dB(S(can_1,can_1)) []","dB(S(can_2,can_2)) []","dB(S(can_3,can_3)) []","dB(S(can_4,can_4)) []","dB(S(can_5,can_5)) []","dB(S(can_6,can_6)) []"
860,-1.28644345299943,-1.57810468536265,-1.57342677905032,-1.26366645095309,-1.47421560720958,-1.58940914398304
860.222222222222,-1.30478288819796,-1.59967262488164,-1.59543367381812,-1.27687435940756,-1.48849773347229,-1.60561915597872
860.444444444444,-1.32331390308031,-1.62176488498879,-1.61795116000565,-1.29018306448399,-1.50284602574122,-1.62185703725218
860.666666666667,-1.34203772295113,-1.64439914355181,-1.6409949150334,-1.30359367826719,-1.51725018233533,-1.6381102421331
860.888888888889,-1.36095550819708,-1.66759373959667,-1.66458098341717,-1.31710840505571,-1.53169996505691,-1.65436594972114
861.111111111111,-1.38006834473362,-1.69136757084362,-1.68872563883787,-1.33073092570334,-1.54618553586668,-1.67061136057059
861.333333333333,-1.39937723230361,-1.71573993009099,-1.71344518518693,-1.34446689286553,-1.5606979266822,-1.68683412531238
861.555555555556,-1.41888306992288,-1.74073025984191,-1.73875567838272,-1.35832456755156,-1.57522968690651,-1.70302295180725
861.777777777778,-1.43858663751026,-1.76635779943088,-1.76467254678417,-1.37231563527222,-1.58977576763489,-1.71916845301814
862,-1.45848857237743,-1.79264109327976,-1.79121008391019,-1.38645624966119,-1.60433472019395,-1.73526431834346
862.222222222222,-1.47858933874742,-1.81959732330887,-1.81838078343105,-1.40076836282537,-1.61891031084228,-1.75130891800987
862.444444444444,-1.49888918775187,-1.8472414239379,-1.84619448395859,-1.41528141468706,-1.63351368426747,-1.76730748477526
862.666666666667,-1.51938810433458,-1.87558493624265,-1.87465729154016,-1.43003446757336,-1.64816624695882,-1.78327506106526
862.888888888889,-1.54008573601814,-1.90463456139164,-1.90377025325684,-1.44507888574277,-1.66290348798452,-1.79924045363195
863.111111111111,-1.5609812963622,-1.93439038645057,-1.93352776920124,-1.46048166931278,-1.67778000794743,-1.81525150121251
863.333333333333,-1.58207343283339,-1.96484378336048,-1.96391575660072,-1.47632955246408,-1.69287608239698,-1.83138202936752
863.555555555556,-1.6033600442343,-1.99597503076802,-1.99490962383854,-1.49273395701891,-1.70830613280295,-1.84774092974639
863.777777777778,-1.62483802605666,-2.02775078465349,-2.02647217809558,-1.50983683844948,-1.72422949386743,-1.86448383485831
864,-1.64650291200053,-2.06012163083183,-2.05855168027877,-1.52781734720805,-1.74086380837503,-1.88182781848676
864.222222222222,-1.66834836470997,-2.09302008654247,-2.09108037077407,-1.54689901801646,-1.75850117671116,-1.90006935514032
864.444444444444,-1.69036544592765,-2.12635956206548,-2.12397390450393,-1.56735684614672,-1.77752671928377,-1.91960528598085
864.666666666667,-1.71254156199198,-2.1600349092214,-2.15713222329805,-1.58952306023803,-1.79843830225141,-1.94095556370314
864.888888888889,-1.73485892974227,-2.1939252120519,-2.19044240981351,-1.61378961782261,-1.82186460880653,-1.96478482564875
865.111111111111,-1.75729233447613,-2.22789934222269,-2.22378395100611,-1.64060445379226,-1.84857630378754,-1.99191712318272
865.333333333333,-1.7798058519212,-2.26182444535223,-2.257036539141,-1.6704574651332,-1.879481725139,-2.02333437749979
865.555555555556,-1.80234808974265,-2.29557693596992,-2.29009004388501,-1.703851533711,-1.9155948836659,-2.06014493049078
865.777777777778,-1.82484542621395,-2.32905484832683,-2.32285566687406,-1.74125434473327,-1.95796121114291,-2.10350578049981
866,-1.84719287433971,-2.36218972265078,-2.35527670185632,-1.78302943453768,-2.00752869622828,-2.15448442479558
866.222222222222,-1.8692431245475,-2.39495587366726,-2.38733699547794,-1.82935077506481,-2.06496319452549,-2.21385868318788
866.444444444444,-1.8907973897891,-2.42737511305368,-2.41906533933845,-1.88011417762833,-2.1304298025089,-2.28187873944938
866.666666666667,-1.91160975448378,-2.45951581731691,-2.45053468811844,-1.93486842615638,-2.20339359651958,-2.35805041822119
866.888888888889,-1.93143354799969,-2.49148643340345,-2.48185614487977,-1.99279403249308,-2.28251754431061,-2.44102486631551
867.111111111111,-1.95015979773896,-2.52342470094349,-2.5131687580459,-2.05275164114103,-2.36572951923135,-2.52867133834796
867.333333333333,-1.968082283284,-2.55548464816941,-2.54462697156249,-2.11340306156232,-2.45047972941795,-2.61835255336608
867.555555555556,-1.98616750361006,-2.58782357914089,-2.57638782704076,-2.17338170329284,-2.53413070497683,-2.70733658439047
867.777777777778,-2.00592721923044,-2.62059086185341,-2.60859972551803,-2.2314690378183,-2.614360304105,-2.79321657324351
868,-2.02862914836825,-2.65391958957982,-2.64139390334786,-2.28673147693433,-2.68945567523976,-2.87421190566471
868.222222222222,-2.05448956426359,-2.68792140903247,-2.67487902712545,-2.33858899111845,-2.75843269872577,-2.94928718676791
868.444444444444,-2.08274813008326,-2.72268420138401,-2.70913868892944,-2.38681257369492,-2.82099064948764,-3.01810335812787
868.666666666667,-2.11237289472551,-2.7582719540611,-2.74423119948414,-2.43146869307069,-2.87736208710111,-3.08086451222601
868.888888888889,-2.14257905513073,-2.79472605501763,-2.78019094034131,-2.47283752374948,-2.92812780549975,-3.13813136448505
869.111111111111,-2.17293510565206,-2.83206730397729,-2.81703058900437,-2.51132889031876,-2.97404816038964,-3.19065219675004
869.333333333333,-2.20326817215725,-2.8702980856576,-2.85474369742329,-2.54741115786135,-3.0159356139245,-3.23923523122961
869.555555555556,-2.23354997195888,-2.90940432655794,-2.8933073232196,-2.5815592843275,-3.05457251868158,-3.28466589708556
869.777777777778,-2.26382018770766,-2.94935702656532,-2.93268465043112,-2.61422186363579,-3.09066693545735,-3.3276616385183
870,-2.29414523729112,-2.99011331355496,-2.97282778430504,-2.64580373184526,-3.12483576414355,-3.36885363718264
870.222222222222,-2.32459891111101,-3.03161712994043,-3.0136811695643,-2.67665980522286,-3.15760527046264,-3.40878568001571
870.444444444444,-2.35525443124574,-3.07379986089529,-3.05518636691289,-2.70709622973749,-3.18942152174388,-3.44792278437097
870.666666666667,-2.38618191875432,-3.11658150985217,-3.09728919731765,-2.73737584288533,-3.22066579095582,-3.48666465655517
870.888888888889,-2.41744820421632,-3.15987348923861,-3.13995041320783,-2.76772591418692,-3.25167203702334,-3.52536103370506
871.111111111111,-2.44911752250035,-3.20358479095549,-3.18316081767635,-2.79834693551908,-3.2827450020423,-3.56432733784611
871.333333333333,-2.48125243382265,-3.24763422380739,-3.22696068119966,-2.82942182530925,-3.31417836471762,-3.60385994145942
871.555555555556,-2.51391469417962,-3.29197227909936,-3.27146089456537,-2.86112530900569,-3.34627287837611,-3.64425083512299
871.777777777778,-2.54716597397933,-3.33661608362762,-3.31685947948056,-2.89363347669605,-3.37935459700889,-3.68580170864602
872,-2.58106840340109,-3.38169774373881,-3.36344317352615,-2.92713362036663,-3.41379319716921,-3.72883747708528
872.222222222222,-2.61568496013268,-3.42751707476804,-3.41156323534074,-2.9618344122046,-3.45002002353427,-3.77371913148927
872.444444444444,-2.65107973564399,-3.47457289681585,-3.4615815628731,-2.99797625053515,-3.48854475688346,-3.82085546593553
872.666666666667,-2.68731813308369,-3.52353052370551,-3.51379797528887,-3.03584105445862,-3.52996842922212,-3.87071269627599
872.888888888889,-2.72446707055098,-3.57509001748694,-3.56838401424302,-3.07575972419045,-3.57498881499861,-3.92382019992647
873.111111111111,-2.76259529311872,-3.62977369859232,-3.6253501940914,-3.11811359145771,-3.62439206219343,-3.98076954640194
873.333333333333,-2.80177394054608,-3.68773011238749,-3.68455775714355,-3.16332311291224,-3.6790221748921,-4.04220270613694
873.555555555556,-2.8420775806464,-3.74867319721215,-3.74576357858288,-3.21181270692572,-3.73971862025045,-4.10878404188036
873.777777777778,-2.88358600618512,-3.8119908274253,-3.80867412621863,-3.26393595199835,-3.80721377727793,-4.18114992912649
874,-2.92638720701464,-3.87694166117217,-3.87298711323044,-3.31984400771226,-3.88198876145125,-4.25983058055657
874.222222222222,-2.97058205071542,-3.94282605938087,-3.93841081670753,-3.37929053468929,-3.96410048351956,-4.3451422484881
874.444444444444,-3.01629125243838,-4.00907207963553,-4.00466144497121,-3.44140116779735,-4.05301367677685,-4.43705585035586
874.666666666667,-3.06366491726345,-4.07524427037871,-4.07144421159446,-3.5045000974297,-4.14749179595613,-4.53506054105577
874.888888888889,-3.11289350637228,-4.14101136773045,-4.13842507678923,-3.56615085821389,-4.24560619776534,-4.6380554046415
875.111111111111,-3.16421441509228,-4.20610464930663,-4.20520049600072,-3.62354902969157,-4.34490003701529,-4.74431270073292
875.333333333333,-3.21789559826184,-4.27028450538318,-4.27127435763291,-3.67422401134357,-4.44269155209777,-4.85155245815698
875.555555555556,-3.27414871887895,-4.3333218436389,-4.33605523008916,-3.71674576037828,-4.5364428822518,-4.95714365882671
875.777777777778,-3.33288006534886,-4.39499539719354,-4.39889103975586,-3.75104998597163,-4.624089651802,-5.05840535140721
876,-3.39320153826184,-4.45510366814896,-4.45915662054539,-3.7782344176342,-4.70424391135575,-5.15293937909648
876.222222222222,-3.45295034838493,-4.51348872623981,-4.51639387824738,-3.80002153634646,-4.77623744593329,-5.23890848585579
876.444444444444,-3.50917743939115,-4.57006708681124,-4.57047119930181,-3.81821219738768,-4.84003056259133,-5.31519192361448
876.666666666667,-3.56016970285127,-4.62486034160208,-4.6216927190494,-3.83433419491598,-4.89604463383012,-5.38139600200767
876.888888888889,-3.6069072574079,-4.67801613642842,-4.67078351253243,-3.8495104756647,-4.94497828270935,-5.43774464006807
877.111111111111,-3.65184567545753,-4.72981010523868,-4.71872820982418,-3.86447465224234,-4.9876487141005,-5.48490299300705
877.333333333333,-3.69691733367052,-4.78062263307529,-4.76652169668628,-3.87965223056442,-5.02487703177397,-5.52378938849393
877.555555555556,-3.74290095722023,-4.83089024558629,-4.8149355401587,-3.895254355792,-5.05741941168592,-5.55541530016142
877.777777777778,-3.78977309145635,-4.88103722483041,-4.86437693046243,-3.91136013090793,-5.08593741512533,-5.58077274922573
878,-3.83714669369828,-4.93139487584408,-4.91485056640585,-3.9279818884509,-5.11099891555653,-5.60077259000843
878.222222222222,-3.88451833857783,-4.98211106118572,-4.96598469014307,-3.94511642253875,-5.13310340193855,-5.61622890217182
878.444444444444,-3.93136865873427,-5.03304208703528,-5.01707602317237,-3.96278825996345,-5.15272976435335,-5.62788338119852
878.666666666667,-3.97719576058399,-5.08361112586025,-5.0671369465163,-3.98109173650444,-5.17041000287261,-5.63646692765422
878.888888888889,-4.02153044179191,-5.1326409404619,-5.11497906234861,-4.00023857115786,-5.18683812287702,-5.6428014109505
879.111111111111,-4.06395878672857,-5.17830061553505,-5.15943016037584,-4.02061715549919,-5.20302883613043,-5.64795079897351
879.333333333333,-4.10416660120131,-5.21863086642001,-5.19980898868008,-4.04286806473948,-5.22054213507507,-5.65343421371141
879.555555555556,-4.14201252499641,-5.25324406372278,-5.23662650833263,-4.06797485359611,-5.24177729624567,-5.66150624382043
879.777777777778,-4.17762363549966,-5.28524633183658,-5.27202365186845,-4.09735492118598,-5.27029013996114,-5.67547464924026
880,-4.2114832480637,-5.32001219535139,-5.30915793431864,-4.13290414072219,-5.31096137603805,-5.69993214733585
880.222222222222,-4.24445104707141,-5.36090893414448,-5.350584579159,-4.17689499667723,-5.36961897354281,-5.74060147630232
880.444444444444,-4.27764752889093,-5.40756077101214,-5.39701396839543,-4.23156693705857,-5.45152154960802,-5.80329371504971
880.666666666667,-4.31218529303097,-5.45773277273891,-5.44746080066573,-4.29825887822696,-5.55843497407518,-5.89157451507994
880.888888888889,-4.34883555141432,-5.50926458863562,-5.50021789684615,-4.37617657446044,-5.68548555885378,-6.00365882194888
881.111111111111,-4.38779503195056,-5.56067831398514,-5.55366269693352,-4.46142738764415,-5.82071599871523,-6.13066796820139
881.333333333333,-4.42867227591602,-5.61108507452559,-5.60657691559394,-4.54734830335816,-5.94923070690116,-6.25866435868667
881.555555555556,-4.4706709768566,-5.65996548960289,-5.65814836055426,-4.62653193722463,-6.05937134771293,-6.37396396473314
881.777777777778,-4.51284375054238,-5.70700565392153,-5.70786522014906,-4.69343593539076,-6.14615147825287,-6.46790319116688
882,-4.5542969114109,-5.75200060759746,-5.7554091860666,-4.7458156173152,-6.21045529662404,-6.5380558886087
882.222222222222,-4.59429906754708,-5.79480252512209,-5.80057766736153,-4.78437645504187,-6.25623245732784,-6.58645697471767
882.444444444444,-4.63230732197622,-5.83529406039869,-5.84323436989619,-4.81146329630506,-6.28808254135732,-6.61709694157123
882.666666666667,-4.66794637792416,-5.87337499692223,-5.88328011160411,-4.82982348463746,-6.30999923550771,-6.63414125055958
882.888888888889,-4.70097059875086,-5.90895577205972,-5.92063641908314,-4.84189020637435,-6.32500043239657,-6.64109731416482
883.111111111111,-4.73122628430955,-5.94195452381788,-5.95523672783309,-4.84953123873025,-6.33519134095323,-6.64060856081712
883.333333333333,-4.75862113592206,-5.97229593410098,-5.98702195536051,-4.85405825918558,-6.34196423836385,-6.63453812384295
883.555555555556,-4.78310212261461,-5.99991097837439,-6.01593852999238,-4.85633471585776,-6.34620031354887,-6.62413934109807
883.777777777778,-4.80464055242579,-6.02473711888852,-6.04193776549565,-4.85689701364889,-6.34843073743351,-6.61022263792587
884,-4.82322254777857,-6.04671869771306,-6.06497594647111,-4.85605644500574,-6.34895301304312,-6.59328982322844
884.222222222222,-4.83960036609616,-6.06462532601376,-6.08391914374942,-4.86370539197872,-6.36662733139643,-6.59227987836256
884.444444444444,-4.85410431074565,-6.07929463413169,-6.09960113644418,-4.87334152566893,-6.38954116796186,-6.59595701640625
884.666666666667,-4.86652364106011,-6.09117842171188,-6.11244156711606,-4.88104221541982,-6.41025357859205,-6.5970559724953
884.888888888889,-4.87681415024408,-6.10024870371777,-6.12240585727694,-4.88679994646435,-6.42874494739008,-6.59561878788159
885.111111111111,-4.88493655973702,-6.10648711242819,-6.12946862585295,-4.89061557242534,-6.44500688764298,-6.59170132949626
885.333333333333,-4.89085672293089,-6.10988524995494,-6.1336139313271,-4.89249894720641,-6.4590430459345,-6.58537342178345
885.555555555556,-4.89454579257572,-6.11044500175125,-6.1348354302011,-4.89246962501234,-6.47086987728968,-6.57671886330142
885.777777777778,-4.89598035477485,-6.10817882410871,-6.13313644908239,-4.89055765696347,-6.48051738401658,-6.56583531679911
886,-4.89514253630318,-6.10311002639908,-6.12852996934196,-4.88680452186187,-6.48802980931189,-6.5528340575851
886.222222222222,-4.89202009736767,-6.09527307935056,-6.12103852496992,-4.88126424015763,-6.49346627370762,-6.53783955914982
886.444444444444,-4.8866065295402,-6.08471399508209,-6.11069401593234,-4.87400473465267,-6.49690133729341,-6.52098888664563
886.666666666667,-4.87890118942639,-6.07149084433632,-6.09753744095222,-4.8651095196484,-6.49842546225471,-6.50243085734658
886.888888888889,-4.8689095141499,-6.05567450244185,-6.08161855515395,-4.85467982277564,-6.49814533704784,-6.48232491189473
887.111111111111,-4.85664338705733,-6.03734974662996,-6.06299545938337,-4.84283727111387,-6.49618400324051,-6.46083962023043
887.333333333333,-4.8421217542367,-6.0166168522007,-6.04173412921064,-4.82972730522511,-6.49268069547023,-6.43815072084461
887.555555555556,-4.82537163876976,-5.99359380836549,-6.01790789261391,-4.81552351958462,-6.48779025954845,-6.41443856076372
887.777777777778,-4.80642976586932,-5.96841903768955,-5.99159686611158,-4.8004331602567,-6.48168194700965,-6.38988476623027
888,-4.78534510540545,-5.94125351806146,-5.96288735964175,-4.78470402796534,-6.47453728730021,-6.3646679308772
888.222222222222,-4.76218276654766,-5.91227763685187,-5.93187126076326,-4.76863301009114,-6.46654659868106,-6.33895806118931
888.444444444444,-4.73702984737994,-5.88166556047851,-5.8986454087288,-4.75257634439867,-6.45790349819737,-6.31290947237063
888.666666666667,-4.71000404410508,-5.84947614136686,-5.86331096854766,-4.73696139562159,-6.44879648498757,-6.28665178911642
888.888888888889,-4.68126602220253,-5.81525554218018,-5.82597281402534,-4.72229900842191,-6.43939626281017,-6.26027868803037
889.111111111111,-4.65103663399652,-5.77682023167596,-5.78673892619689,-4.70919404087968,-6.42983687343313,-6.23383404077117
889.333333333333,-4.61961976582661,-5.7283986312121,-5.74571980756483,-4.69834890994397,-6.42018779538103,-6.20729520502942
889.555555555556,-4.58743035303733,-5.66629624808765,-5.70302789743757,-4.690550061353,-6.41041255256748,-6.18055339114767
889.777777777778,-4.55502389197478,-5.60342553830387,-5.65877693165305,-4.68661931299445,-6.40030593631983,-6.15339131619011
890,-4.52311710296947,-5.55042466022685,-5.61308105715806,-4.68730098880758,-6.38939310238903,-6.12545868723442
890.222222222222,-4.49257796651749,-5.50325671411367,-5.56605301008484,-4.69304524004124,-6.37675036553362,-6.09624616881607
890.444444444444,-4.46434868485421,-5.45731276190994,-5.51779818192566,-4.70365081309403,-6.36067631099771,-6.06505756560418
890.666666666667,-4.43925708613068,-5.41081039283478,-5.46838162416684,-4.71777567141771,-6.3385107014357,-6.03097589046419
890.888888888889,-4.41769411848909,-5.36331355277483,-5.41712535424184,-4.73244987261378,-6.30961024142017,-5.99280959456345
891.111111111111,-4.39921487945121,-5.31484273829352,-5.36790207922462,-4.74292683151711,-6.27829177120222,-5.94903508938344
891.333333333333,-4.38224534418123,-5.26556350977393,-5.3157880497148,-4.74332766987073,-6.24086276035017,-5.89854976634263
891.555555555556,-4.36414351119348,-5.21569193471251,-5.26333802901708,-4.72824733799036,-6.19101716291901,-5.84644794565989
891.777777777778,-4.34174159106723,-5.16547182103069,-5.21049895212411,-4.69471415264929,-6.12684395160029,-5.7934382272919
892,-4.31223174876237,-5.11517587672426,-5.15739227922304,-4.64329987253713,-6.04881953928262,-5.7285506236125
892.222222222222,-4.27410510939019,-5.06511257635141,-5.10417237307405,-4.57764827911128,-5.95925548585611,-5.65385048950101
892.444444444444,-4.22789882593048,-5.01562092783499,-5.05101127822569,-4.50289493373402,-5.86220367909398,-5.57218894374059
892.666666666667,-4.17645458119885,-4.9670064620256,-4.99808432759647,-4.42407926149302,-5.76295484580091,-5.48596177313839
892.888888888889,-4.12416869507858,-4.91928068247205,-4.9455211270598,-4.34525718107253,-5.66718275593486,-5.39800519244523
893.111111111111,-4.07509999663421,-4.87138772919646,-4.89324373221243,-4.26933842803568,-5.5800524375345,-5.31170322116638
893.333333333333,-4.03111844936549,-4.81978120298673,-4.84049810244946,-4.19833615717867,-5.50557699048319,-5.2307485497642
893.555555555556,-3.99163047438388,-4.75884040385741,-4.78483982182613,-4.13372995489449,-5.44632605900258,-5.15872515329242
893.777777777778,-3.95475481622502,-4.68809031493243,-4.72170604043286,-4.07676535293689,-5.4034168821304,-5.09860472936319
894,-3.9185908744925,-4.61598411716462,-4.64968971524213,-4.02859783806392,-5.37664928961597,-5.05226026075331
894.222222222222,-3.88180245169029,-4.54924779721721,-4.5772135998736,-3.99021989995322,-5.36467367745915,-5.02011748734224
894.444444444444,-3.84364234239551,-4.48827123288832,-4.51201990594613,-3.96213576431263,-5.36515136015133,-5.00105339032322
894.666666666667,-3.80377335597939,-4.43124061598843,-4.45351804388596,-3.94384444201192,-5.37492992093402,-4.99259398687462
894.888888888889,-3.76209407054345,-4.37663887296419,-4.39877830319676,-3.93338888140709,-5.39028476372382,-4.99137317385556
895.111111111111,-3.71863030653133,-4.3235541806731,-4.34594908474587,-3.92739127830251,-5.40726331528624,-4.99372889006662
895.333333333333,-3.67348880035534,-4.27146330599299,-4.29418779774733,-3.92182568945606,-5.42211783461887,-4.99627582593615
895.555555555556,-3.62685301763243,-4.2200380601664,-4.24313797210214,-3.91322343684654,-5.43175149838285,-4.99632177171149
895.777777777778,-3.57899912074857,-4.16903511320906,-4.19262033226998,-3.89959174246574,-5.43406566442914,-4.99206603924709
896,-3.5303099262225,-4.11824514027518,-4.14248236044917,-3.88056921795204,-5.4281091495653,-4.98259252208312
896.222222222222,-3.48126629979489,-4.06747923749547,-4.09252587992243,-3.85694794666371,-5.4139878983902,-4.96771546284164
896.444444444444,-3.43240353594135,-4.01657805002574,-4.04248086279888,-3.82999978426817,-5.39256210456065,-4.94774503892505
896.666666666667,-3.38423645853537,-3.96543151257513,-3.99202286366285,-3.80086603020894,-5.36500189345173,-4.92322319908368
896.888888888889,-3.33717444228218,-3.91399737380189,-3.94083719783818,-3.75862465695398,-5.3322810540548,-4.89465444154222
897.111111111111,-3.29145431528558,-3.86230877813625,-3.88871574075242,-3.7399681551412,-5.29468070542058,-4.86223567050369
897.333333333333,-3.24710959538735,-3.8104666313967,-3.83564376920747,-3.70810319181155,-5.251386060348,-4.82558535611829
897.555555555556,-3.20397694259896,-3.75861929089106,-3.78182486720393,-3.67438487854175,-5.2003121850835,-4.78349755886256
897.777777777778,-3.1617305966551,-3.70693672188862,-3.7276239882113,-3.63747398127139,-5.13836121059378,-4.73381407557446
898,-3.11994277673834,-3.65558665974421,-3.67346070330142,-3.5955571387536,-5.06228144716189,-4.67361002140189
898.222222222222,-3.07818771626656,-3.60471738975735,-3.61970884987515,-3.54673224618405,-4.97002158997241,-4.59993941395648
898.444444444444,-3.03621107210351,-3.55444785204794,-3.56663963658262,-3.48957269048371,-4.86199934903575,-4.51118968024873
898.666666666667,-2.99412466551948,-3.50486260196896,-3.5144107248481,-3.42376741963488,-4.74147482035172,-4.4085206010374
898.888888888889,-2.95246479207913,-3.45600677125276,-3.46308351297524,-3.35053049419873,-4.6136859629295,-4.29631759573754
899.111111111111,-2.91195940226866,-3.40787300875261,-3.41264958306186,-3.27247752567333,-4.48426890045488,-4.18094312748055
899.333333333333,-2.87313498722855,-3.36036515930481,-3.36305492402738,-3.19295241036959,-4.35788342493883,-4.0683420760655
899.555555555556,-2.83610437033018,-3.3132076318702,-3.31421836176498,-3.11514570049309,-4.23759617824985,-3.96182840144758
899.777777777778,-2.80065229674632,-3.26575401704704,-3.26604608393031,-3.04143640446362,-4.12498612783257,-3.86100928699071
900,-2.76643942685803,-3.21676992257755,-3.21844890419611,-2.97316239034464,-4.02066039204706,-3.76316027485832
900.222222222222,-2.73314920723112,-3.16510425642469,-3.17137670583153,-2.91074326156089,-3.92491530873102,-3.66893980678813
900.444444444444,-2.70054303671252,-3.11286323554814,-3.12489902298861,-2.85396029026547,-3.83836705521667,-3.58496676425082
900.666666666667,-2.66846051383145,-3.06542621074329,-3.07937085908069,-2.80223498993939,-3.7622195319334,-3.5149016206908
900.888888888889,-2.63680098497667,-3.02382920880789,-3.03563943480213,-2.75483379559886,-3.69749039203366,-3.45614985889948
901.111111111111,-2.60550444562476,-2.98538987897692,-2.99487626873475,-2.71098956549436,-3.64318540448512,-3.40495078046845
901.333333333333,-2.57453763123839,-2.94834637852642,-2.95746088338054,-2.66995815102036,-3.59571805209937,-3.35878639720491
901.555555555556,-2.54388624087786,-2.91222779873762,-2.92216270883581,-2.63103312152519,-3.55112884443584,-3.3161462736252
901.777777777778,-2.513553385227,-2.87711060862035,-2.887537401004,-2.59353804801464,-3.50717555717785,-3.27592301656873
902,-2.48356532852128,-2.84321119129912,-2.85331052793351,-2.55681178748299,-3.46306387697858,-3.23696402204433
902.222222222222,-2.45398725804548,-2.81066266866354,-2.8198994981504,-2.52020142290216,-3.41813755383926,-3.19776541784464
902.444444444444,-2.42495217977446,-2.77934070707754,-2.78749485388343,-2.48308039467872,-3.37094951436362,-3.15636653422486
902.666666666667,-2.3966978909675,-2.74879145916503,-2.75573872964718,-2.44491304827415,-3.31931393127318,-3.11068047425894
902.888888888889,-2.36957238197307,-2.71836013884533,-2.72400741379939,-2.40538232177168,-3.26186465086646,-3.0594488319098
903.111111111111,-2.34390158108445,-2.68747245895059,-2.69185451621119,-2.36456848008364,-3.20026497170037,-3.00336706110674
903.333333333333,-2.31964637667357,-2.65585860383183,-2.65918707660394,-2.32310386520193,-3.13891098047264,-2.94518824749294
903.555555555556,-2.29615647849753,-2.62357223863491,-2.62616172039442,-2.28216537788796,-3.08170040918527,-2.88832667531392
903.777777777778,-2.27254410402101,-2.59085922769856,-2.59301818327316,-2.24319795332764,-3.03000606088746,-2.83521744325426
904,-2.24832855203312,-2.55801234077055,-2.55997705084873,-2.207443875239,-2.9833232076512,-2.78676171733
904.222222222222,-2.22355047312921,-2.52528519538553,-2.52720535179599,-2.17554162412101,-2.94055514952547,-2.74274893457509
904.444444444444,-2.19847368781547,-2.49286439305658,-2.49481722277672,-2.14742243867168,-2.90070108532861,-2.70248641690396
904.666666666667,-2.17335022689502,-2.46087347489805,-2.46288566290841,-2.12249587630512,-2.86302886095643,-2.66521434790811
904.888888888889,-2.14835089921614,-2.42938754988173,-2.43145475588892,-2.09994177502101,-2.82704490904242,-2.63028285691567
905.111111111111,-2.12357432878267,-2.39844815598002,-2.40054923114621,-2.07894535564865,-2.79242445531862,-2.59719180427374
905.333333333333,-2.09907123025612,-2.36807492541919,-2.37018117594741,-2.05882164361661,-2.75895274257422,-2.56557480345169
905.555555555556,-2.07486373321465,-2.33827376627777,-2.34035452219939,-2.03905205294737,-2.72648470046652,-2.53516902665622
905.777777777778,-2.0509575610921,-2.30904226884594,-2.31106798007054,-2.01927474776528,-2.69491922776252,-2.50578685507823
906,-2.02734906460646,-2.2803731557866,-2.28231693995153,-1.99925944131369,-2.66418321269821,-2.47729367725823
906.222222222222,-2.00402913449065,-2.25225643475999,-2.25409470400599,-1.9788818666276,-2.63422164881752,-2.44959177220303
906.444444444444,-1.98067069204386,-2.22401570192651,-2.22595133306819,-1.95812996896119,-2.60552757814035,-2.4231368859797
906.666666666667,-1.95590475078725,-2.19346324686164,-2.1960240580661,-1.93755582355266,-2.58092815826603,-2.40060585126166
906.888888888889,-1.93106993266926,-2.16403654448732,-2.16643845272758,-1.91733694860009,-2.55868909944558,-2.38012524175723
907.111111111111,-1.90608929596493,-2.13566697583667,-2.13735188822188,-1.89746950935011,-2.53921712854824,-2.36193552429067
907.333333333333,-1.88094461327582,-2.10826503115817,-2.10890089737869,-1.87794886593103,-2.52285266189264,-2.34621782613608
907.555555555556,-1.85575783091799,-2.08173989009399,-2.08118682035093,-1.85876870363143,-2.50965859084218,-2.33298118154247
907.777777777778,-1.83088040408067,-2.05600765164909,-2.05426969768532,-1.8399193672369,-2.4990595821886,-2.32188016895866
908,-1.80689035842785,-2.03099396223164,-2.02816984934211,-1.8213846444024,-2.48942160372771,-2.31198379875989
908.222222222222,-1.78437878127053,-2.0066340913497,-2.00287466702057,-1.80313546700637,-2.47794105024066,-2.30160985242304
908.444444444444,-1.76360659188045,-1.9828720032842,-1.97834767446895,-1.78511739780634,-2.46138684433728,-2.28846057731037
908.666666666667,-1.74435587583652,-1.95965920429838,-1.95453751492408,-1.7672256007908,-2.43766739708238,-2.27027577576517
908.888888888889,-1.72612371811478,-1.93695379479408,-1.93138556515236,-1.74925571858813,-2.40703830580347,-2.24584593361126
909.111111111111,-1.70841928186933,-1.91472005599963,-1.90883187764895,-1.73081622115718,-2.37178889146057,-2.21571866268003
909.333333333333,-1.69091845780608,-1.89292898316899,-1.88681995747418,-1.71122219674455,-2.33485837373019,-2.18200921000708
909.555555555556,-1.67346736004813,-1.87156043195409,-1.86530158272056,-1.68959866255668,-2.29868263125304,-2.14749766794588
909.777777777778,-1.65602828279916,-1.85060795270133,-1.84424367550662,-1.66588530351716,-2.26480985974876,-2.11469917821179
910,-1.63862884700562,-1.83008772003988,-1.82364009740959,-1.64253236329108,-2.23399638223748,-2.08531668485928
910.222222222222,-1.62132968479537,-1.81005220479147,-1.80353089110957,-1.62293288094193,-2.20638621627606,-2.06002390877127
910.444444444444,-1.60420664146417,-1.79060447655566,-1.78402479735417,-1.60737503470765,-2.18161007487752,-2.03843441616132
910.666666666667,-1.58734042283518,-1.77189580906997,-1.7652980199613,-1.59396048940231,-2.15885173321469,-2.01929004637096
910.888888888889,-1.57080869639946,-1.75407236858465,-1.74751159503832,-1.58123054021067,-2.1370176338911,-2.00095406300714
911.111111111111,-1.55467840723587,-1.73715653108218,-1.73063783051514,-1.56858869875514,-2.11506105128283,-1.98205035309347
911.333333333333,-1.53899836356425,-1.72094978955207,-1.71437432652319,-1.55588638910145,-2.09231497741593,-1.96187674666358
911.555555555556,-1.52379359567636,-1.70510298945213,-1.69832444203168,-1.54313454826451,-2.06861911462544,-1.94039964348252
911.777777777778,-1.50906327049093,-1.68931712163283,-1.68224482481639,-1.53038566074374,-2.04419899789514,-1.91798263653331
912,-1.49478303770612,-1.67346386141971,-1.66609183213595,-1.51769478396745,-2.01944358789046,-1.89510362523619
912.222222222222,-1.48091116074687,-1.65755562028529,-1.6499265319692,-1.50510930638121,-1.99473115621208,-1.87218649375123
912.444444444444,-1.46739655450079,-1.64166383794495,-1.63382963035332,-1.49266795762428,-1.97034956709435,-1.84954250902913
912.666666666667,-1.45418654555938,-1.62586369356797,-1.61786621161024,-1.48040235034262,-1.94648511931563,-1.82737298799655
912.888888888889,-1.44123276338693,-1.6102134043912,-1.60208004779025,-1.46833890713188,-1.92324184481028,-1.80579397016157
913.111111111111,-1.42849455089596,-1.5947520178227,-1.58649774017648,-1.45650057444685,-1.90066696367928,-1.78486279223065
913.333333333333,-1.4159401152677,-1.57950329490272,-1.5711340739185,-1.44490822346733,-1.87877239086908,-1.76459945082197
913.555555555556,-1.40354607161212,-1.5644802446707,-1.55599618949571,-1.43358178196428,-1.85755006846851,-1.74500174486994
913.777777777778,-1.39129609434293,-1.54968870445523,-1.54108637976138,-1.42254117042741,-1.83698194803564,-1.72605529267138
914,-1.37917924320621,-1.53512981323302,-1.52640384790927,-1.41180711110469,-1.81704612930462,-1.70773987482542
914.222222222222,-1.36718832318333,-1.52080161487284,-1.51194577257469,-1.40140186659196,-1.79772048522393,-1.69003332548291
914.444444444444,-1.35531845725512,-1.50670005553504,-1.49770793053264,-1.39134995266317,-1.77898473863115,-1.67291385820607
914.666666666667,-1.34356592771409,-1.49281957718484,-1.4836850382368,-1.38167885861565,-1.76082163258059,-1.65636142559053
914.888888888889,-1.33192727190633,-1.47915344312624,-1.4698709104949,-1.3724197943414,-1.74321760342013,-1.64035850366833
915.111111111111,-1.32039858685478,-1.46569388139043,-1.45625849398353,-1.36360845942816,-1.72616321321775,-1.62489055270252
915.333333333333,-1.30897498895198,-1.45243209770936,-1.442839807925,-1.35528578204088,-1.70965350408095,-1.60994631718864
915.555555555556,-1.2976501786909,-1.43935818754056,-1.42960580849419,-1.34749848049695,-1.6936883819531,-1.59551807401468
915.777777777778,-1.28641606954288,-1.42646096240672,-1.4165461838352,-1.34029912838876,-1.67827310775338,-1.58160190762605
916,-1.27526245136433,-1.41372769718255,-1.4036490810264,-1.33374515567799,-1.66341896004893,-1.56819807755847
916.222222222222,-1.26417667125667,-1.40114380071912,-1.39090076429384,-1.32789605896349,-1.64914412967372,-1.55531154276288
916.444444444444,-1.25314332934571,-1.38869241241584,-1.37828520576195,-1.32280862235913,-1.63547490812822,-1.54295271678836
916.666666666667,-1.24214400536115,-1.37635393348911,-1.36578361790503,-1.31853218794976,-1.6224472331894,-1.53113854734997
916.888888888889,-1.2311570569688,-1.36410551696084,-1.35337395424311,-1.3151096033171,-1.61010864931615,-1.5198940422017
917.111111111111,-1.2201575659667,-1.35192057040663,-1.3410304377637,-1.31258895981396,-1.59852071336463,-1.50925439694396
917.333333333333,-1.20911755709307,-1.33976837893363,-1.32872323417836,-1.31103996207483,-1.58776180187064,-1.49926790722565
917.555555555556,-1.19800667793723,-1.32761404455682,-1.31641848156521,-1.31055674995216,-1.57793010675929,-1.48999983409874
917.777777777778,-1.1867936034311,-1.31541907501536,-1.30407903157551,-1.31123729069522,-1.56914625730394,-1.48153725514284
918,-1.17544849840898,-1.30314314593987,-1.29166645324762,-1.31314879643788,-1.56155433989762,-1.47399449504396
918.222222222222,-1.16394689781002,-1.29074778291315,-1.27914506864976,-1.31629123955457,-1.55531891022574,-1.46751763275661
918.444444444444,-1.15227527356257,-1.27820287138344,-1.2664889209138,-1.32056015368199,-1.55061371654851,-1.46228424424203
918.666666666667,-1.14043824278574,-1.26549677382628,-1.25369236545911,-1.32570478064308,-1.54759534320709,-1.45849033694585
918.888888888889,-1.12846672481871,-1.25265000203227,-1.24078398954642,-1.33128257938907,-1.54635280748967,-1.45631076593068
919.111111111111,-1.11642536192407,-1.23973036379785,-1.22784133704555,-1.33662143509972,-1.54682534793088,-1.45581661845353
919.333333333333,-1.10441642877328,-1.2268641993975,-1.21500052222282,-1.34081265943815,-1.54869129452812,-1.45684520636045
919.555555555556,-1.09257691269084,-1.21423506055673,-1.20245188449534,-1.34276571204644,-1.55125749405062,-1.45886074713634
919.777777777778,-1.08106634637587,-1.20206133179539,-1.19041395331685,-1.34134928547492,-1.55341655311204,-1.46090460620459
920,-1.07004582280629,-1.19055153490308,-1.17908640440561,-1.33561251243362,-1.55375511616486,-1.46173692675874
920.222222222222,-1.05965264259925,-1.1798493510096,-1.16859607462386,-1.32502875639384,-1.55083918157887,-1.46014193803944
920.444444444444,-1.04997801572851,-1.16999065015403,-1.1589584944729,-1.30966404964733,-1.54357427420645,-1.45520830812915
920.666666666667,-1.04105487871379,-1.16089144723423,-1.15007145437102,-1.2901851954215,-1.5314529576503,-1.44642077723871
920.888888888889,-1.03285893884909,-1.15236936339963,-1.141740056388,-1.26769656378215,-1.51457468581534,-1.43359217898516
921.111111111111,-1.02532084178937,-1.14418517844048,-1.13371854285065,-1.24347987850128,-1.49349019816295,-1.41677844558415
921.333333333333,-1.01834390417882,-1.13608700565569,-1.12575254383251,-1.21874466287377,-1.46900968961512,-1.39626100457693
921.555555555556,-1.01182151486466,-1.12784639715895,-1.11761309399954,-1.19446486441084,-1.44206587877338,-1.37257348185385
921.777777777778,-1.00565023721659,-1.11928432705037,-1.10912171976903,-1.17131841283253,-1.41363380911791,-1.34650258928045
922,-0.999737072628712,-1.11028895325188,-1.10016856586812,-1.14970409982909,-1.38466847943925,-1.31901707048291
922.222222222222,-0.994001011166232,-1.10082591035798,-1.09072340972896,-1.12979791309466,-1.35603620009479,-1.2911335549491
922.444444444444,-0.988369712658281,-1.09093904155993,-1.08083636418254,-1.11161877259563,-1.32844660872727,-1.26376912755654
922.666666666667,-0.982772935503407,-1.08073876148456,-1.07062498142611,-1.09508706583949,-1.30240690181013,-1.23763337994263
922.888888888889,-0.977137695600525,-1.07037830169425,-1.06024855431696,-1.08007010810371,-1.27821238574674,-1.21318538817879
923.111111111111,-0.971398139915269,-1.06002317263278,-1.04987609143051,-1.06641460368689,-1.25597100171816,-1.19064908256424
923.333333333333,-0.965533183313415,-1.04982242857402,-1.03965736284113,-1.05396837297822,-1.23564803797692,-1.17006303712792
923.555555555556,-0.959602750751848,-1.03988918919058,-1.02970437875624,-1.04259371801791,-1.217115481179,-1.15134014708547
923.777777777778,-0.953712139932956,-1.03029331788671,-1.02008545690801,-1.03217419497153,-1.20019515333225,-1.13432107200901
924,-0.94792798367759,-1.02106439726353,-1.01082928051625,-1.02261609197678,-1.18469090323892,-1.11881462087238
924.222222222222,-0.942251804476232,-1.01220065434631,-1.00193428388366,-1.01384589060986,-1.17040964535502,-1.10462457481438
924.444444444444,-0.936653105583814,-1.0036795555651,-0.993379172574057,-1.00580526633549,-1.15717330680411,-1.09156542492606
924.666666666667,-0.931100537406496,-0.995467250824095,-0.985132013216122,-0.998445357009236,-1.14482433006076,-1.07947022858142
924.888888888889,-0.925572341723088,-0.987525653848155,-0.977156909408341,-0.991721793110968,-1.13322708555337,-1.06819341311274
925.111111111111,-0.920055823790285,-0.979817063528806,-0.969418297563945,-0.985591360143587,-1.1222669580647,-1.05761063664458
925.333333333333,-0.914544358868651,-0.972306774639521,-0.961883350797817,-0.980010439642104,-1.11184829017188,-1.04761712314934
925.555555555556,-0.909034880485802,-0.964964266612697,-0.954523067934912,-0.974934850513973,-1.10189190953802,-1.03812535043452
925.777777777778,-0.90352626681612,-0.957763494470172,-0.947312541351841,-0.970320508586575,-1.09233264913166,-1.02906259668491
926,-0.8980184021554,-0.950682673550271,-0.9402307647007,-0.966124377041394,-1.08311706593903,-1.02036861167504
926.222222222222,-0.892511656228857,-0.943703819657063,-0.933260218622448,-0.962305355990387,-1.07420144205725,-1.0119935341196
926.444444444444,-0.887006604632768,-0.936812204395757,-0.926386378794212,-0.958824940902454,-1.06555008422981,-1.00389609427196
926.666666666667,-0.881503884801317,-0.929995814824451,-0.919597226604624,-0.955647610710528,-1.05713390336097,-0.99604209720125
926.888888888889,-0.876004127428208,-0.923244861528055,-0.91288280226568,-0.952740978515489,-1.04892924054983,-0.988403161410732
927.111111111111,-0.870507929689319,-0.916551352476752,-0.906234816216335,-0.950075765021192,-1.04091690201798,-0.98095567963542
927.333333333333,-0.865015851412243,-0.909908735270072,-0.899646321451682,-0.947625655771208,-1.03308136673008,-0.9736799677359
927.555555555556,-0.859528423556362,-0.903311602976157,-0.893111442760486,-0.94536709245364,-1.02541013449708,-0.966559570052827
927.777777777778,-0.854046162947812,-0.896755455672076,-0.886625156021193,-0.943279034798352,-1.01789318723167,-0.959580693419358
928,-0.848569589788597,-0.890236509032597,-0.880183109967131,-0.94134271717004,-1.0105225409174,-0.952731746182389
928.222222222222,-0.843099245923828,-0.883751541740422,-0.873781483157243,-0.939541414331073,-1.00329187033194,-0.946002962528876
928.444444444444,-0.837635712693345,-0.877297774433491,-0.867416869686024,-0.937860224068421,-0.996196192452882,-0.939386095920782
928.666666666667,-0.83217962768324,-0.870872774001936,-0.861086188113929,-0.936285869950381,-0.989231597727031,-0.932874168442226
928.888888888889,-0.826731699980195,-0.864474378115381,-0.854786609030796,-0.934806524784595,-0.982395021017052,-0.926461265367473
929.111111111111,-0.821292723701181,-0.858100635817578,-0.848515497505337,-0.933411653841177,-0.975684046107127,-0.920142366318634
929.333333333333,-0.815863589672979,-0.851749760842223,-0.842270367396091,-0.932091876164189,-0.969096739213121,-0.913913206058233
929.555555555556,-0.81044529519701,-0.845420094981745,-0.83604884510143,-0.930838842020234,-0.962631508075747,-0.907770159316872
929.777777777778,-0.805038951874291,-0.839110079392672,-0.829848640820621,-0.929645124527003,-0.956286983990178,-0.901710145147868
930,-0.799645791489924,-0.832818232164838,-0.823667525795945,-0.928504123637299,-0.950061924614151,-0.895730547176377
930.222222222222,-0.794267169975088,-0.82654313083541,-0.817503314326645,-0.927409980849302,-0.943955135670084,-0.889829146814064
930.444444444444,-0.788904569478953,-0.820283398809053,-0.811353849599852,-0.92635750322493,-0.937965409778853,-0.884004067074014
930.666666666667,-0.783559598595438,-0.814037694866589,-0.805216992587044,-0.9253420955016,-0.932091480691339,-0.878253725072937
930.888888888889,-0.778233990802459,-0.807804705119348,-0.799090613415309,-0.9243596992663,-0.926331991166812,-0.872576791671708
931.111111111111,-0.772929601183264,-0.801583136903031,-0.792972584750435,-0.923406738320354,-0.920685472721621,-0.866972156997223
931.333333333333,-0.767648401512303,-0.795371714213341,-0.786860776830735,-0.922480069498315,-0.915150335464567,-0.861438900824715
931.555555555556,-0.762392473800714,-0.78916917437029,-0.780753053871198,-0.921576938317104,-0.909724866261962,-0.85597626698981
931.777777777778,-0.757164002409144,-0.782974265664875,-0.774647271622148,-0.920694938924763,-0.904407233543142,-0.850583641153533
932,-0.752191708885775,-0.776798797918968,-0.768529368525036,-0.918848234695595,-0.89800086359835,-0.84404347076762
932.222222222222,-0.747483796020652,-0.77070023234128,-0.762477438758611,-0.916279960637148,-0.890711226531652,-0.836633277144919
932.444444444444,-0.742885360089144,-0.764684989667493,-0.756521666887792,-0.913772495981187,-0.88345552297083,-0.829306386183306
932.666666666667,-0.738403280269128,-0.758752616324532,-0.75066162398957,-0.911339009865202,-0.87623987499749,-0.822068680848152
932.888888888889,-0.734045244197936,-0.75290283030628,-0.744897067549989,-0.908994266325626,-0.869071388433458,-0.814926510030193
933.111111111111,-0.729819357295863,-0.747135565261072,-0.739227967285326,-0.906754710804551,-0.861958295790974,-0.807886710794673
933.333333333333,-0.725733382811839,-0.74145103071969,-0.73365453284029,-0.904638487159126,-0.854910104827756,-0.800956624684835
933.555555555556,-0.721793449867643,-0.735849795323272,-0.728177240947729,-0.90266534252978,-0.847937745424328,-0.794144105116439
933.777777777778,-0.718002076159304,-0.730332903155052,-0.722796856938295,-0.900856363480227,-0.841053703467549,-0.787457512055031
934,-0.714355453749021,-0.72490203809274,-0.717514440563461,-0.899233472634631,-0.83427212515407,-0.780905689168051
934.222222222222,-0.710840212044233,-0.719559758053754,-0.712331317267027,-0.897818604178427,-0.827608868574047,-0.774497917496607
934.444444444444,-0.707430345823809,-0.714309830411627,-0.707248980535127,-0.896632475377231,-0.821081471797308,-0.768243838428242
934.666666666667,-0.704085590933447,-0.709157710392926,-0.702268864456673,-0.895692889304283,-0.814708998587523,-0.762153337440531
934.888888888889,-0.700752902816614,-0.704111208344419,-0.697391882284317,-0.895012553581774,-0.808511715611611,-0.756236378851439
935.111111111111,-0.697372271803695,-0.699181360771188,-0.692617561301243,-0.894596493256059,-0.802510550799226,-0.750502780856939
935.333333333333,-0.693886509843413,-0.694383358468945,-0.687942520724705,-0.894439278187584,-0.796726284629268,-0.744961919762445
935.555555555556,-0.690252362517287,-0.689736795385038,-0.683357977254551,-0.894522464290721,-0.791178438824986,-0.739622352945192
935.777777777778,-0.686448870691048,-0.685262636220658,-0.678846057741472,-0.894812822355698,-0.785883854798441,-0.734491352274069
936,-0.682479748368128,-0.680969231203559,-0.674375275949544,-0.89526202371953,-0.780855000626913,-0.729574344126547
936.222222222222,-0.678369367013239,-0.676810216400836,-0.66989710416847,-0.89580837694867,-0.776098110293258,-0.724874259497313
936.444444444444,-0.67415475204522,-0.672601590255473,-0.66534825290333,-0.896380897546635,-0.771611335886691,-0.720390808622876
936.666666666667,-0.669877007905579,-0.667988450113707,-0.660664943045705,-0.896905461363892,-0.767383167254832,-0.716119709380333
936.888888888889,-0.665574696106887,-0.662721682238867,-0.655810373281825,-0.897312181446499,-0.763391420637029,-0.712051917159907
937.111111111111,-0.661280066948155,-0.657049188866532,-0.650801751060085,-0.897542688922804,-0.759603091030873,-0.708172924651515
937.333333333333,-0.657017795236154,-0.651456101423473,-0.64571279766627,-0.897555906682853,-0.755975281993021,-0.704462220342598
937.555555555556,-0.652805355141084,-0.646188147107935,-0.64064376005602,-0.897331250544725,-0.752457269951564,-0.70089301026811
937.777777777778,-0.648654198287608,-0.641248552754449,-0.635681441717454,-0.896868845714977,-0.748993554434412,-0.697432313154698
938,-0.644571152957694,-0.636564391154037,-0.630876908672885,-0.896187042413195,-0.745527542851293,-0.694041528629466
938.222222222222,-0.640559725636983,-0.632067697198708,-0.626246288978641,-0.895318000916343,-0.742005379666823,-0.690677546926366
938.444444444444,-0.636621174954796,-0.627711224544944,-0.621782947406956,-0.894302271466755,-0.738379400526732,-0.687294415230673
938.666666666667,-0.632755336474747,-0.623464709509377,-0.617469688711717,-0.893183151958771,-0.734610781850296,-0.683845504623249
938.888888888889,-0.628961227010724,-0.61930897714907,-0.613286641671465,-0.892001294210305,-0.730671135080749,-0.680286043100534
939.111111111111,-0.62523747316069,-0.615231578226982,-0.609215068248811,-0.890789687960083,-0.726543005714802,-0.676575810210129
939.333333333333,-0.621582607738579,-0.611224001345934,-0.605238615713713,-0.889568880032409,-0.722219422240951,-0.672681744997175
939.555555555556,-0.617995269757781,-0.607279935200952,-0.601343284952243,-0.888342135664139,-0.717702760401841,-0.668580215111488
939.777777777778,-0.614474333477893,-0.603394146165496,-0.597516864498614,-0.887090245109499,-0.713003233001256,-0.664258736173341
940,-0.611018981580195,-0.59956168686948,-0.593748189328408,-0.885765851315633,-0.70813729777127,-0.659717010343335
940.222222222222,-0.607628726869118,-0.595777256259311,-0.590026362004333,-0.884287580333487,-0.70312622085856,-0.654967254531594
940.444444444444,-0.60430337514153,-0.592034591693601,-0.586339965489398,-0.882534976345024,-0.697994967345467,-0.650033889154847
940.666666666667,-0.601042907633317,-0.588325804184363,-0.582676250777485,-0.880346333430726,-0.692771532511409,-0.644952735857822
940.888888888889,-0.597847243208207,-0.58464058172189,-0.579020268919254,-0.877522874227833,-0.687486789037831,-0.639769911215911
941.111111111111,-0.594715817237817,-0.580965193071154,-0.575353924109572,-0.873843860003333,-0.682174908630518,-0.634540595288055
941.333333333333,-0.591646887241789,-0.577281237153971,-0.571654952837759,-0.869097013695121,-0.676874417033447,-0.629327797657345
941.555555555556,-0.588636452004025,-0.573564119506187,-0.56789589441695,-0.863125480388743,-0.671629946383334,-0.624201140351156
941.777777777778,-0.585676670640034,-0.569781329767559,-0.564043230577894,-0.855885369276254,-0.666494731137727,-0.619235525994989
942,-0.582753731783399,-0.565890797486346,-0.560057062537951,-0.847498296117871,-0.661533796499561,-0.614509356798781
942.222222222222,-0.579845317258268,-0.561839996173825,-0.555891981876819,-0.838276983990274,-0.656827495410655,-0.610101714430707
942.444444444444,-0.576918201099302,-0.557567118853335,-0.551500148793,-0.828706207226128,-0.652474343912456,-0.606087624045931
942.666666666667,-0.573927117674602,-0.553006505838174,-0.546837861442415,-0.819377855164932,-0.648590641300132,-0.602530293677153
942.888888888889,-0.570816574703181,-0.548101097635441,-0.541876685522832,-0.810898497900298,-0.645301811432137,-0.5994692594032
943.111111111111,-0.567527161030808,-0.542823742484308,-0.53661885429516,-0.80379636428146,-0.642717157648052,-0.596904085149673
943.333333333333,-0.564006381922388,-0.537204769803092,-0.531113610347497,-0.798446247050599,-0.640878804482785,-0.594775206187857
943.555555555556,-0.560221259436732,-0.531354813151435,-0.525467128425366,-0.795014045260157,-0.639685136185523,-0.592946944230676
943.777777777778,-0.556167697013305,-0.525464562582282,-0.519836721702387,-0.793412686750036,-0.638818877107531,-0.591201755306253
944,-0.551872470866618,-0.519768278390229,-0.514404527686013,-0.793268470246184,-0.637749557182243,-0.589256372016798
944.222222222222,-0.547387928168122,-0.514480489394904,-0.509337202281301,-0.793919906242019,-0.635872069429863,-0.586805332890931
944.444444444444,-0.542783792673645,-0.509738287801737,-0.504748590269475,-0.794491671687965,-0.632736438478233,-0.583584134915032
944.666666666667,-0.538141339118418,-0.505579273061645,-0.500681772891242,-0.794071627770653,-0.62820971721067,-0.579429711222256
944.888888888889,-0.533552343060616,-0.501958512110378,-0.497114931669925,-0.791951856239989,-0.62245755248589,-0.574312609464369
945.111111111111,-0.529121102727865,-0.498784860878218,-0.493982752267709,-0.787820808711596,-0.61579743144892,-0.568328794741935
945.333333333333,-0.5249647730006,-0.495955053928656,-0.491200902971075,-0.781800217482747,-0.608550407919342,-0.561659817179058
945.555555555556,-0.521206423418013,-0.493375267817905,-0.488685003722972,-0.774321914357511,-0.600960641177237,-0.554522412813389
945.777777777778,-0.517957520459458,-0.490970286699593,-0.486361514576823,-0.765937283425443,-0.593177817768711,-0.547126401819169
946,-0.515292386459427,-0.488684641690036,-0.48417189559276,-0.757160168958229,-0.585272128433574,-0.53964940502043
946.222222222222,-0.51322445631558,-0.486479978284159,-0.48207261257639,-0.748386276308501,-0.577259554913552,-0.532227508543334
946.444444444444,-0.511697148192287,-0.48433137271543,-0.480033224615919,-0.739878168366779,-0.569129440557068,-0.524956638359968
946.666666666667,-0.510596165826692,-0.482223941989453,-0.478034009779172,-0.731785813658977,-0.560875855315053,-0.517899229239099
946.888888888889,-0.509778122505093,-0.480150266989188,-0.476063926595516,-0.72417790023771,-0.552537577821624,-0.511092456381544
947.111111111111,-0.509102124616592,-0.478108786136213,-0.47411931121531,-0.717070690550128,-0.544246209629417,-0.504556235915751
947.333333333333,-0.508452328311972,-0.47610325450454,-0.47220350757255,-0.710449898776074,-0.536262616821616,-0.498301020278569
947.555555555556,-0.50774715115869,-0.474143464602702,-0.470327400118366,-0.704285507559473,-0.528953346311499,-0.492338300868075
947.777777777778,-0.506937697592043,-0.472247419707405,-0.468509959169429,-0.698540994361792,-0.522662532082488,-0.486707140070956
948,-0.506000515607983,-0.470443725297714,-0.466774924067032,-0.69317859167812,-0.517524743060757,-0.481588220201731
948.222222222222,-0.504928965782383,-0.468764706726017,-0.465133589171605,-0.688161852056982,-0.513371059300872,-0.477970176113235
948.444444444444,-0.503725538400577,-0.467197893596931,-0.463546429897875,-0.683456326984919,-0.509821079168642,-0.478678533203566
948.666666666667,-0.502395851881496,-0.465591788311821,-0.461905288601937,-0.679028718406609,-0.5064663973965,-0.472986778114165
948.888888888889,-0.500944182819907,-0.46375015985291,-0.460114428317101,-0.67484440870707,-0.502996814155855,-0.465918789819163
949.111111111111,-0.49937006552469,-0.461719870835793,-0.458185000306206,-0.670862741460508,-0.49922690763529,-0.460680467769655
949.333333333333,-0.497665529374768,-0.459673596550681,-0.456195177486872,-0.667028714359002,-0.495067001394458,-0.456313935821291
949.555555555556,-0.495812790424417,-0.45769391775409,-0.454209956305234,-0.663258857205233,-0.490486345735513,-0.452472423891119
949.777777777778,-0.493782678865364,-0.455787872335726,-0.452260326056755,-0.659418544391088,-0.485489853052219,-0.449030387234179
950,-0.491534834337939,-0.453939527146191,-0.450354922426255,-0.655290362527552,-0.480111478424675,-0.445904039269225
950.222222222222,-0.489021709597936,-0.452130095577243,-0.448491676107057,-0.650546246559144,-0.474420422601634,-0.442934530914792
950.444444444444,-0.486199192541566,-0.450342029142414,-0.446663477105362,-0.644774451117176,-0.468533526131336,-0.43970737426443
950.666666666667,-0.483045707345319,-0.448559059473139,-0.444860212660435,-0.637668388230535,-0.462624058447391,-0.435344727511605
950.888888888889,-0.479586776477885,-0.44676582530216,-0.443069440557817,-0.629422166917717,-0.456914340313229,-0.428949675371886
951.111111111111,-0.475913215734695,-0.444947860496529,-0.441276896750745,-0.620982773883544,-0.451642629428266,-0.421346047934591
951.333333333333,-0.472175613877448,-0.443091984550412,-0.439467354055645,-0.613580131040635,-0.44700831159494,-0.414813666495828
951.555555555556,-0.468547495218829,-0.441186961590183,-0.437625925081157,-0.607878885992921,-0.443118144532399,-0.410183243271657
951.777777777778,-0.465173416447971,-0.439224248487507,-0.43573959644634,-0.603767892117128,-0.439962505715721,-0.406880449553875
952,-0.462132410623357,-0.437198647911789,-0.433798599665464,-0.60077667008151,-0.437433568202092,-0.404269575493017
952.222222222222,-0.459433933602889,-0.435108709885604,-0.431797229886204,-0.598455953722926,-0.435371105534562,-0.402000583545978
952.444444444444,-0.457038613822238,-0.432956785811268,-0.429733920572127,-0.596501391342454,-0.433609967444762,-0.399915804691797
952.666666666667,-0.45488516237934,-0.430748721747872,-0.427610668832735,-0.594737281100386,-0.432011467892652,-0.397949814693211
952.888888888889,-0.452910608110491,-0.428493262697827,-0.425432134593434,-0.593070213147388,-0.43047558709317,-0.39607743199223
953.111111111111,-0.451060831935603,-0.426201305593688,-0.423204813267181,-0.591451486782744,-0.428939817517661,-0.394290438191366
953.333333333333,-0.449293824905824,-0.423885173206668,-0.420936610901194,-0.589852909169137,-0.42737191816772,-0.392587396546586
953.555555555556,-0.44757905619856,-0.42155808502754,-0.41863699763704,-0.588252046112283,-0.425761558862751,-0.390968983486081
953.777777777778,-0.445895383747285,-0.419233983398202,-0.41631773469197,-0.586622976369412,-0.424113146130514,-0.389435456133201
954,-0.444228807075188,-0.416927837404175,-0.413993968838643,-0.584930185394213,-0.42244024788213,-0.387984692950574
954.222222222222,-0.442570611280152,-0.414656467353098,-0.41168524091946,-0.583124705628124,-0.420760900380811,-0.386609995770171
954.444444444444,-0.440916086051459,-0.412439718828754,-0.40941566717849,-0.581142774958034,-0.419092252872492,-0.385297224498141
954.666666666667,-0.439263914179761,-0.410301292643682,-0.407212354864214,-0.578908137856996,-0.417442321204111,-0.384021274773502
954.888888888889,-0.437616504654413,-0.408267576184312,-0.405101315410211,-0.576339444512717,-0.415797040906101,-0.382742769815916
955.111111111111,-0.435982426855522,-0.40636193378666,-0.403101077480273,-0.573363575447442,-0.414105561750629,-0.381407326342909
955.333333333333,-0.434385119152013,-0.404593224459729,-0.401215779606044,-0.569933789691593,-0.412278853084515,-0.379951288379189
955.555555555556,-0.432813324287072,-0.402943369804007,-0.399430768542036,-0.566048702818213,-0.41022432901584,-0.378317139292148
955.777777777778,-0.431143425306462,-0.40136560986226,-0.397713275209141,-0.561765262501709,-0.407908990227945,-0.376475910669477
956,-0.429661170438612,-0.399799797017839,-0.39601833633445,-0.557193968415293,-0.405390146699956,-0.374444521372884
956.222222222222,-0.428344529007013,-0.398193454657306,-0.394297449786222,-0.552430275179571,-0.402775805897025,-0.37228368222406
956.444444444444,-0.427220078935588,-0.396511265211822,-0.392506574684982,-0.547189622587883,-0.400162581019339,-0.370074884875465
956.666666666667,-0.426267017922274,-0.394729802520379,-0.390611337812165,-0.540321066468493,-0.397607006249433,-0.367891609287599
956.888888888889,-0.425350727234009,-0.392827092375124,-0.388589252754272,-0.533162965186861,-0.395130373700679,-0.365781439625102
957.111111111111,-0.42427839975635,-0.390776252653551,-0.386429968971979,-0.527629790837731,-0.392733576565016,-0.363763500322604
957.333333333333,-0.422947383961161,-0.388547293154351,-0.384134709197998,-0.522879813731325,-0.390408626583479,-0.361835275714613
957.555555555556,-0.421391354567059,-0.3861176438881,-0.381715569002796,-0.518442404431008,-0.388144797963271,-0.35998149252445
957.777777777778,-0.419700532445063,-0.383488663177912,-0.379194767294592,-0.51421291453442,-0.385931138508119,-0.358181115811306
958,-0.417951134636194,-0.380700211260694,-0.376603545220452,-0.510165592350361,-0.38375711394988,-0.356411623902565
958.222222222222,-0.416188443476724,-0.377831871055227,-0.373980306409737,-0.506285523423661,-0.381612442701924,-0.354651137448395
958.444444444444,-0.414434592977369,-0.374984838936913,-0.371367759952519,-0.502557268769003,-0.379486680056034,-0.35287922456595
958.666666666667,-0.412698689349732,-0.372252513906253,-0.36880918407373,-0.498964423443585,-0.377368960602305,-0.351077014230634
958.888888888889,-0.410983445993789,-0.369696877663187,-0.366344321624738,-0.49549072004106,-0.375248608313789,-0.349227005255999
959.111111111111,-0.409288732978292,-0.36734167726775,-0.364005666463446,-0.492120915358524,-0.373118623751967,-0.347312777648222
959.333333333333,-0.40761330681861,-0.365180165897098,-0.361815874139999,-0.488841267405576,-0.370988348594113,-0.34531870447841
959.555555555556,-0.405955604254213,-0.363188285707693,-0.359786734209987,-0.485639703547491,-0.368925215819903,-0.343229704361641
959.777777777778,-0.404314083261629,-0.36133604665937,-0.357919712262092,-0.482505799694059,-0.367182414959448,-0.341031046432711
960,-0.402687352940434,-0.359594547002502,-0.356207694432562,-0.479430658856186,-0.366491025570596,-0.338708207448769
